{
  "dataset": "ag_news",
  "size": "s",
  "n_hyp": 8,
  "n_test": 2000,
  "n_train": 400,
  "acc": 0.805,
  "macro_f1": 0.8039888138232313,
  "secs": 11.1,
  "channels": {
    "entail": {
      "n_matched": 4000,
      "n_mismatched": 12000,
      "mean_matched": 0.6940093636512756,
      "mean_mismatched": 0.2213243842124939,
      "std_matched": 0.4047459363937378,
      "std_mismatched": 0.3545517921447754,
      "cohens_d": 1.2853671312332153,
      "roc_auc": 0.8146273541666667,
      "separation": 0.6292547083333333,
      "hist_bins": [
        0.0,
        0.05,
        0.1,
        0.15000000000000002,
        0.2,
        0.25,
        0.30000000000000004,
        0.35000000000000003,
        0.4,
        0.45,
        0.5,
        0.55,
        0.6000000000000001,
        0.65,
        0.7000000000000001,
        0.75,
        0.8,
        0.8500000000000001,
        0.9,
        0.9500000000000001,
        1.0
      ],
      "hist_matched": [
        739,
        117,
        66,
        46,
        44,
        34,
        21,
        32,
        37,
        29,
        31,
        33,
        37,
        50,
        65,
        68,
        89,
        116,
        245,
        2101
      ],
      "hist_mismatched": [
        7541,
        638,
        327,
        175,
        182,
        159,
        122,
        116,
        93,
        98,
        102,
        105,
        104,
        96,
        117,
        125,
        163,
        214,
        345,
        1178
      ]
    },
    "neutral": {
      "n_matched": 4000,
      "n_mismatched": 12000,
      "mean_matched": 0.22697998583316803,
      "mean_mismatched": 0.3758988082408905,
      "std_matched": 0.3438180983066559,
      "std_mismatched": 0.3838155269622803,
      "cohens_d": -0.39794760942459106,
      "roc_auc": 0.33748520833333334,
      "separation": 0.3250295833333333,
      "hist_bins": [
        0.0,
        0.05,
        0.1,
        0.15000000000000002,
        0.2,
        0.25,
        0.30000000000000004,
        0.35000000000000003,
        0.4,
        0.45,
        0.5,
        0.55,
        0.6000000000000001,
        0.65,
        0.7000000000000001,
        0.75,
        0.8,
        0.8500000000000001,
        0.9,
        0.9500000000000001,
        1.0
      ],
      "hist_matched": [
        2275,
        264,
        170,
        115,
        85,
        77,
        54,
        47,
        44,
        36,
        37,
        50,
        33,
        45,
        34,
        44,
        63,
        68,
        104,
        355
      ],
      "hist_mismatched": [
        3980,
        1022,
        608,
        438,
        367,
        305,
        277,
        275,
        273,
        180,
        198,
        223,
        221,
        203,
        205,
        256,
        275,
        351,
        563,
        1780
      ]
    },
    "contradict": {
      "n_matched": 4000,
      "n_mismatched": 12000,
      "mean_matched": 0.07901066541671753,
      "mean_mismatched": 0.4027768075466156,
      "std_matched": 0.22303006052970886,
      "std_mismatched": 0.41420242190361023,
      "cohens_d": -0.8618965148925781,
      "roc_auc": 0.17930144791666666,
      "separation": 0.6413971041666666,
      "hist_bins": [
        0.0,
        0.05,
        0.1,
        0.15000000000000002,
        0.2,
        0.25,
        0.30000000000000004,
        0.35000000000000003,
        0.4,
        0.45,
        0.5,
        0.55,
        0.6000000000000001,
        0.65,
        0.7000000000000001,
        0.75,
        0.8,
        0.8500000000000001,
        0.9,
        0.9500000000000001,
        1.0
      ],
      "hist_matched": [
        3390,
        122,
        54,
        36,
        29,
        25,
        18,
        18,
        19,
        15,
        15,
        8,
        7,
        10,
        20,
        23,
        28,
        27,
        28,
        108
      ],
      "hist_mismatched": [
        4614,
        738,
        434,
        302,
        242,
        187,
        193,
        185,
        173,
        149,
        174,
        169,
        174,
        196,
        181,
        221,
        236,
        355,
        557,
        2520
      ]
    },
    "contrast": {
      "n_matched": 4000,
      "n_mismatched": 12000,
      "mean_matched": 0.6149986982345581,
      "mean_mismatched": -0.18145246803760529,
      "std_matched": 0.5557989478111267,
      "std_mismatched": 0.6687502264976501,
      "cohens_d": 1.2398500442504883,
      "roc_auc": 0.8290689375,
      "separation": 0.658137875,
      "hist_bins": [
        -1.0,
        -0.9,
        -0.8,
        -0.7,
        -0.6,
        -0.5,
        -0.3999999999999999,
        -0.29999999999999993,
        -0.19999999999999996,
        -0.09999999999999998,
        0.0,
        0.10000000000000009,
        0.20000000000000018,
        0.30000000000000004,
        0.40000000000000013,
        0.5,
        0.6000000000000001,
        0.7000000000000002,
        0.8,
        0.9000000000000001,
        1.0
      ],
      "hist_matched": [
        129,
        51,
        36,
        20,
        24,
        21,
        30,
        32,
        46,
        250,
        311,
        80,
        55,
        59,
        57,
        56,
        99,
        127,
        196,
        2321
      ],
      "hist_mismatched": [
        2983,
        571,
        390,
        325,
        299,
        290,
        301,
        330,
        439,
        1899,
        1023,
        260,
        208,
        171,
        141,
        179,
        175,
        231,
        343,
        1442
      ]
    }
  }
}