{
  "dataset": "ag_news",
  "size": "xxs",
  "n_hyp": 8,
  "n_test": 2000,
  "n_train": 400,
  "acc": 0.7225,
  "macro_f1": 0.7195488430918049,
  "secs": 7.0,
  "channels": {
    "entail": {
      "n_matched": 4000,
      "n_mismatched": 12000,
      "mean_matched": 0.474662721157074,
      "mean_mismatched": 0.1464015543460846,
      "std_matched": 0.4217028319835663,
      "std_mismatched": 0.27941811084747314,
      "cohens_d": 1.0227535963058472,
      "roc_auc": 0.75245425,
      "separation": 0.5049085,
      "hist_bins": [
        0.0,
        0.05,
        0.1,
        0.15000000000000002,
        0.2,
        0.25,
        0.30000000000000004,
        0.35000000000000003,
        0.4,
        0.45,
        0.5,
        0.55,
        0.6000000000000001,
        0.65,
        0.7000000000000001,
        0.75,
        0.8,
        0.8500000000000001,
        0.9,
        0.9500000000000001,
        1.0
      ],
      "hist_matched": [
        1228,
        239,
        133,
        114,
        89,
        78,
        68,
        68,
        43,
        60,
        50,
        60,
        61,
        65,
        64,
        66,
        93,
        127,
        209,
        1085
      ],
      "hist_mismatched": [
        8285,
        786,
        353,
        241,
        215,
        160,
        133,
        103,
        95,
        96,
        107,
        98,
        100,
        81,
        84,
        87,
        127,
        151,
        228,
        470
      ]
    },
    "neutral": {
      "n_matched": 4000,
      "n_mismatched": 12000,
      "mean_matched": 0.4475567638874054,
      "mean_mismatched": 0.6568583250045776,
      "std_matched": 0.39808228611946106,
      "std_mismatched": 0.36453375220298767,
      "cohens_d": -0.5608238577842712,
      "roc_auc": 0.3392565625,
      "separation": 0.32148687499999995,
      "hist_bins": [
        0.0,
        0.05,
        0.1,
        0.15000000000000002,
        0.2,
        0.25,
        0.30000000000000004,
        0.35000000000000003,
        0.4,
        0.45,
        0.5,
        0.55,
        0.6000000000000001,
        0.65,
        0.7000000000000001,
        0.75,
        0.8,
        0.8500000000000001,
        0.9,
        0.9500000000000001,
        1.0
      ],
      "hist_matched": [
        1163,
        253,
        157,
        108,
        107,
        96,
        87,
        93,
        72,
        90,
        73,
        79,
        91,
        87,
        77,
        91,
        124,
        144,
        258,
        750
      ],
      "hist_mismatched": [
        1137,
        591,
        397,
        328,
        297,
        237,
        221,
        258,
        230,
        227,
        216,
        243,
        277,
        289,
        321,
        330,
        478,
        661,
        1015,
        4247
      ]
    },
    "contradict": {
      "n_matched": 4000,
      "n_mismatched": 12000,
      "mean_matched": 0.07778048515319824,
      "mean_mismatched": 0.19674015045166016,
      "std_matched": 0.18124797940254211,
      "std_mismatched": 0.29956093430519104,
      "cohens_d": -0.432894766330719,
      "roc_auc": 0.33019048958333336,
      "separation": 0.3396190208333333,
      "hist_bins": [
        0.0,
        0.05,
        0.1,
        0.15000000000000002,
        0.2,
        0.25,
        0.30000000000000004,
        0.35000000000000003,
        0.4,
        0.45,
        0.5,
        0.55,
        0.6000000000000001,
        0.65,
        0.7000000000000001,
        0.75,
        0.8,
        0.8500000000000001,
        0.9,
        0.9500000000000001,
        1.0
      ],
      "hist_matched": [
        3092,
        277,
        118,
        76,
        48,
        50,
        42,
        32,
        23,
        32,
        30,
        22,
        18,
        19,
        13,
        18,
        18,
        21,
        30,
        21
      ],
      "hist_mismatched": [
        6592,
        1127,
        634,
        356,
        292,
        259,
        214,
        185,
        158,
        146,
        141,
        159,
        148,
        124,
        141,
        168,
        183,
        221,
        271,
        481
      ]
    },
    "contrast": {
      "n_matched": 4000,
      "n_mismatched": 12000,
      "mean_matched": 0.3968822658061981,
      "mean_mismatched": -0.05033860355615616,
      "std_matched": 0.512736439704895,
      "std_mismatched": 0.4502639174461365,
      "cohens_d": 0.9583302140235901,
      "roc_auc": 0.7567619270833333,
      "separation": 0.5135238541666667,
      "hist_bins": [
        -1.0,
        -0.9,
        -0.8,
        -0.7,
        -0.6,
        -0.5,
        -0.3999999999999999,
        -0.29999999999999993,
        -0.19999999999999996,
        -0.09999999999999998,
        0.0,
        0.10000000000000009,
        0.20000000000000018,
        0.30000000000000004,
        0.40000000000000013,
        0.5,
        0.6000000000000001,
        0.7000000000000002,
        0.8,
        0.9000000000000001,
        1.0
      ],
      "hist_matched": [
        45,
        32,
        33,
        26,
        34,
        45,
        52,
        60,
        80,
        589,
        698,
        169,
        108,
        106,
        95,
        106,
        119,
        124,
        222,
        1257
      ],
      "hist_mismatched": [
        702,
        390,
        285,
        241,
        261,
        242,
        327,
        404,
        639,
        4341,
        1906,
        316,
        257,
        169,
        161,
        152,
        131,
        186,
        254,
        636
      ]
    }
  }
}