{
  "dataset": "ag_news",
  "size": "l",
  "n_hyp": 8,
  "n_test": 2000,
  "n_train": 400,
  "acc": 0.882,
  "macro_f1": 0.882004343388779,
  "secs": 48.6,
  "channels": {
    "entail": {
      "n_matched": 4000,
      "n_mismatched": 12000,
      "mean_matched": 0.665916383266449,
      "mean_mismatched": 0.051071904599666595,
      "std_matched": 0.433279424905777,
      "std_mismatched": 0.20082570612430573,
      "cohens_d": 2.213146448135376,
      "roc_auc": 0.93600096875,
      "separation": 0.8720019375000001,
      "hist_bins": [
        0.0,
        0.05,
        0.1,
        0.15000000000000002,
        0.2,
        0.25,
        0.30000000000000004,
        0.35000000000000003,
        0.4,
        0.45,
        0.5,
        0.55,
        0.6000000000000001,
        0.65,
        0.7000000000000001,
        0.75,
        0.8,
        0.8500000000000001,
        0.9,
        0.9500000000000001,
        1.0
      ],
      "hist_matched": [
        1003,
        66,
        47,
        32,
        32,
        32,
        20,
        17,
        20,
        24,
        24,
        17,
        30,
        38,
        37,
        42,
        46,
        93,
        156,
        2224
      ],
      "hist_mismatched": [
        11119,
        67,
        47,
        35,
        25,
        23,
        14,
        14,
        14,
        17,
        25,
        22,
        24,
        20,
        20,
        28,
        39,
        49,
        74,
        324
      ]
    },
    "neutral": {
      "n_matched": 4000,
      "n_mismatched": 12000,
      "mean_matched": 0.06105519086122513,
      "mean_mismatched": 0.019333356991410255,
      "std_matched": 0.14373114705085754,
      "std_mismatched": 0.08825260400772095,
      "cohens_d": 0.3976927101612091,
      "roc_auc": 0.8467161458333333,
      "separation": 0.6934322916666666,
      "hist_bins": [
        0.0,
        0.05,
        0.1,
        0.15000000000000002,
        0.2,
        0.25,
        0.30000000000000004,
        0.35000000000000003,
        0.4,
        0.45,
        0.5,
        0.55,
        0.6000000000000001,
        0.65,
        0.7000000000000001,
        0.75,
        0.8,
        0.8500000000000001,
        0.9,
        0.9500000000000001,
        1.0
      ],
      "hist_matched": [
        3149,
        243,
        147,
        89,
        64,
        56,
        40,
        40,
        31,
        25,
        17,
        14,
        11,
        17,
        11,
        10,
        10,
        9,
        10,
        7
      ],
      "hist_mismatched": [
        11222,
        222,
        124,
        83,
        70,
        50,
        36,
        34,
        16,
        16,
        23,
        18,
        11,
        11,
        11,
        8,
        9,
        9,
        15,
        12
      ]
    },
    "contradict": {
      "n_matched": 4000,
      "n_mismatched": 12000,
      "mean_matched": 0.2730284035205841,
      "mean_mismatched": 0.9295947551727295,
      "std_matched": 0.4131048619747162,
      "std_mismatched": 0.23619592189788818,
      "cohens_d": -2.2585861682891846,
      "roc_auc": 0.0671849375,
      "separation": 0.865630125,
      "hist_bins": [
        0.0,
        0.05,
        0.1,
        0.15000000000000002,
        0.2,
        0.25,
        0.30000000000000004,
        0.35000000000000003,
        0.4,
        0.45,
        0.5,
        0.55,
        0.6000000000000001,
        0.65,
        0.7000000000000001,
        0.75,
        0.8,
        0.8500000000000001,
        0.9,
        0.9500000000000001,
        1.0
      ],
      "hist_matched": [
        2584,
        99,
        47,
        36,
        38,
        27,
        23,
        17,
        29,
        20,
        24,
        22,
        24,
        20,
        21,
        30,
        26,
        39,
        68,
        806
      ],
      "hist_mismatched": [
        554,
        77,
        42,
        27,
        21,
        20,
        17,
        18,
        20,
        21,
        12,
        18,
        30,
        14,
        30,
        39,
        35,
        63,
        103,
        10839
      ]
    },
    "contrast": {
      "n_matched": 4000,
      "n_mismatched": 12000,
      "mean_matched": 0.3928879499435425,
      "mean_mismatched": -0.8785228133201599,
      "std_matched": 0.8343349099159241,
      "std_mismatched": 0.42947691679000854,
      "cohens_d": 2.2748544216156006,
      "roc_auc": 0.9340313645833334,
      "separation": 0.8680627291666667,
      "hist_bins": [
        -1.0,
        -0.9,
        -0.8,
        -0.7,
        -0.6,
        -0.5,
        -0.3999999999999999,
        -0.29999999999999993,
        -0.19999999999999996,
        -0.09999999999999998,
        0.0,
        0.10000000000000009,
        0.20000000000000018,
        0.30000000000000004,
        0.40000000000000013,
        0.5,
        0.6000000000000001,
        0.7000000000000002,
        0.8,
        0.9000000000000001,
        1.0
      ],
      "hist_matched": [
        856,
        60,
        45,
        38,
        26,
        30,
        29,
        34,
        28,
        36,
        46,
        35,
        21,
        23,
        43,
        47,
        57,
        58,
        156,
        2332
      ],
      "hist_mismatched": [
        10919,
        92,
        61,
        44,
        33,
        25,
        23,
        18,
        29,
        42,
        36,
        22,
        22,
        29,
        35,
        25,
        36,
        53,
        76,
        380
      ]
    }
  }
}