{
  "dataset": "ag_news",
  "size": "m",
  "n_hyp": 8,
  "n_test": 2000,
  "n_train": 400,
  "acc": 0.871,
  "macro_f1": 0.8707611446098883,
  "secs": 20.2,
  "channels": {
    "entail": {
      "n_matched": 4000,
      "n_mismatched": 12000,
      "mean_matched": 0.5988656878471375,
      "mean_mismatched": 0.031135398894548416,
      "std_matched": 0.4483489990234375,
      "std_mismatched": 0.15448050200939178,
      "cohens_d": 2.174711227416992,
      "roc_auc": 0.9329359479166666,
      "separation": 0.8658718958333331,
      "hist_bins": [
        0.0,
        0.05,
        0.1,
        0.15000000000000002,
        0.2,
        0.25,
        0.30000000000000004,
        0.35000000000000003,
        0.4,
        0.45,
        0.5,
        0.55,
        0.6000000000000001,
        0.65,
        0.7000000000000001,
        0.75,
        0.8,
        0.8500000000000001,
        0.9,
        0.9500000000000001,
        1.0
      ],
      "hist_matched": [
        1196,
        93,
        53,
        47,
        31,
        45,
        29,
        28,
        28,
        30,
        32,
        26,
        28,
        30,
        36,
        47,
        65,
        103,
        172,
        1881
      ],
      "hist_mismatched": [
        11395,
        76,
        42,
        29,
        21,
        23,
        15,
        18,
        13,
        8,
        12,
        15,
        12,
        11,
        24,
        19,
        20,
        27,
        48,
        172
      ]
    },
    "neutral": {
      "n_matched": 4000,
      "n_mismatched": 12000,
      "mean_matched": 0.11486686766147614,
      "mean_mismatched": 0.02830510400235653,
      "std_matched": 0.2251846194267273,
      "std_mismatched": 0.11727827042341232,
      "cohens_d": 0.5708622932434082,
      "roc_auc": 0.7737310833333333,
      "separation": 0.5474621666666666,
      "hist_bins": [
        0.0,
        0.05,
        0.1,
        0.15000000000000002,
        0.2,
        0.25,
        0.30000000000000004,
        0.35000000000000003,
        0.4,
        0.45,
        0.5,
        0.55,
        0.6000000000000001,
        0.65,
        0.7000000000000001,
        0.75,
        0.8,
        0.8500000000000001,
        0.9,
        0.9500000000000001,
        1.0
      ],
      "hist_matched": [
        2741,
        295,
        166,
        99,
        94,
        67,
        65,
        61,
        40,
        35,
        26,
        35,
        40,
        20,
        34,
        31,
        28,
        35,
        29,
        59
      ],
      "hist_mismatched": [
        11094,
        212,
        125,
        85,
        58,
        53,
        56,
        29,
        36,
        26,
        23,
        29,
        16,
        24,
        15,
        19,
        13,
        15,
        21,
        51
      ]
    },
    "contradict": {
      "n_matched": 4000,
      "n_mismatched": 12000,
      "mean_matched": 0.2862674593925476,
      "mean_mismatched": 0.9405595064163208,
      "std_matched": 0.40995046496391296,
      "std_mismatched": 0.20867224037647247,
      "cohens_d": -2.3943631649017334,
      "roc_auc": 0.06966727083333334,
      "separation": 0.8606654583333333,
      "hist_bins": [
        0.0,
        0.05,
        0.1,
        0.15000000000000002,
        0.2,
        0.25,
        0.30000000000000004,
        0.35000000000000003,
        0.4,
        0.45,
        0.5,
        0.55,
        0.6000000000000001,
        0.65,
        0.7000000000000001,
        0.75,
        0.8,
        0.8500000000000001,
        0.9,
        0.9500000000000001,
        1.0
      ],
      "hist_matched": [
        2404,
        147,
        76,
        57,
        41,
        35,
        41,
        22,
        26,
        15,
        30,
        33,
        29,
        28,
        23,
        38,
        40,
        57,
        94,
        764
      ],
      "hist_mismatched": [
        384,
        61,
        38,
        32,
        33,
        21,
        27,
        19,
        25,
        11,
        24,
        22,
        26,
        30,
        37,
        42,
        56,
        86,
        153,
        10873
      ]
    },
    "contrast": {
      "n_matched": 4000,
      "n_mismatched": 12000,
      "mean_matched": 0.31259819865226746,
      "mean_mismatched": -0.9094240665435791,
      "std_matched": 0.8291226029396057,
      "std_mismatched": 0.3479402959346771,
      "cohens_d": 2.3844261169433594,
      "roc_auc": 0.9314013229166667,
      "separation": 0.8628026458333333,
      "hist_bins": [
        -1.0,
        -0.9,
        -0.8,
        -0.7,
        -0.6,
        -0.5,
        -0.3999999999999999,
        -0.29999999999999993,
        -0.19999999999999996,
        -0.09999999999999998,
        0.0,
        0.10000000000000009,
        0.20000000000000018,
        0.30000000000000004,
        0.40000000000000013,
        0.5,
        0.6000000000000001,
        0.7000000000000002,
        0.8,
        0.9000000000000001,
        1.0
      ],
      "hist_matched": [
        844,
        90,
        57,
        51,
        44,
        42,
        36,
        44,
        38,
        98,
        104,
        52,
        46,
        54,
        43,
        41,
        55,
        88,
        172,
        2001
      ],
      "hist_mismatched": [
        11006,
        140,
        71,
        57,
        38,
        39,
        28,
        39,
        33,
        76,
        56,
        25,
        23,
        15,
        25,
        20,
        20,
        37,
        41,
        211
      ]
    }
  }
}