{
  "dataset": "ag_news",
  "size": "xs",
  "n_hyp": 8,
  "n_test": 2000,
  "n_train": 400,
  "acc": 0.7645,
  "macro_f1": 0.7634521437369306,
  "secs": 7.7,
  "channels": {
    "entail": {
      "n_matched": 4000,
      "n_mismatched": 12000,
      "mean_matched": 0.6136481761932373,
      "mean_mismatched": 0.1885058581829071,
      "std_matched": 0.42527663707733154,
      "std_mismatched": 0.33656060695648193,
      "cohens_d": 1.1783632040023804,
      "roc_auc": 0.7952523229166667,
      "separation": 0.5905046458333334,
      "hist_bins": [
        0.0,
        0.05,
        0.1,
        0.15000000000000002,
        0.2,
        0.25,
        0.30000000000000004,
        0.35000000000000003,
        0.4,
        0.45,
        0.5,
        0.55,
        0.6000000000000001,
        0.65,
        0.7000000000000001,
        0.75,
        0.8,
        0.8500000000000001,
        0.9,
        0.9500000000000001,
        1.0
      ],
      "hist_matched": [
        946,
        121,
        94,
        58,
        68,
        47,
        51,
        46,
        57,
        48,
        27,
        57,
        44,
        48,
        46,
        77,
        82,
        117,
        190,
        1776
      ],
      "hist_mismatched": [
        8222,
        527,
        273,
        187,
        142,
        135,
        116,
        99,
        84,
        81,
        58,
        78,
        84,
        88,
        105,
        115,
        124,
        172,
        268,
        1042
      ]
    },
    "neutral": {
      "n_matched": 4000,
      "n_mismatched": 12000,
      "mean_matched": 0.34086212515830994,
      "mean_mismatched": 0.6634229421615601,
      "std_matched": 0.3995321989059448,
      "std_mismatched": 0.38287296891212463,
      "cohens_d": -0.8332644104957581,
      "roc_auc": 0.26371061458333334,
      "separation": 0.47257877083333333,
      "hist_bins": [
        0.0,
        0.05,
        0.1,
        0.15000000000000002,
        0.2,
        0.25,
        0.30000000000000004,
        0.35000000000000003,
        0.4,
        0.45,
        0.5,
        0.55,
        0.6000000000000001,
        0.65,
        0.7000000000000001,
        0.75,
        0.8,
        0.8500000000000001,
        0.9,
        0.9500000000000001,
        1.0
      ],
      "hist_matched": [
        1847,
        206,
        123,
        133,
        69,
        69,
        54,
        50,
        57,
        38,
        60,
        64,
        57,
        49,
        67,
        77,
        79,
        97,
        163,
        641
      ],
      "hist_mismatched": [
        1584,
        506,
        345,
        271,
        221,
        219,
        204,
        171,
        169,
        158,
        199,
        204,
        238,
        219,
        249,
        305,
        350,
        534,
        858,
        4996
      ]
    },
    "contradict": {
      "n_matched": 4000,
      "n_mismatched": 12000,
      "mean_matched": 0.04548964276909828,
      "mean_mismatched": 0.14807116985321045,
      "std_matched": 0.15144234895706177,
      "std_mismatched": 0.27652111649513245,
      "cohens_d": -0.4084300398826599,
      "roc_auc": 0.2901144895833333,
      "separation": 0.4197710208333334,
      "hist_bins": [
        0.0,
        0.05,
        0.1,
        0.15000000000000002,
        0.2,
        0.25,
        0.30000000000000004,
        0.35000000000000003,
        0.4,
        0.45,
        0.5,
        0.55,
        0.6000000000000001,
        0.65,
        0.7000000000000001,
        0.75,
        0.8,
        0.8500000000000001,
        0.9,
        0.9500000000000001,
        1.0
      ],
      "hist_matched": [
        3520,
        149,
        48,
        52,
        36,
        16,
        12,
        13,
        16,
        16,
        4,
        8,
        6,
        6,
        10,
        16,
        18,
        11,
        12,
        31
      ],
      "hist_mismatched": [
        8088,
        802,
        438,
        280,
        214,
        154,
        145,
        141,
        131,
        107,
        88,
        89,
        85,
        95,
        115,
        93,
        135,
        141,
        228,
        431
      ]
    },
    "contrast": {
      "n_matched": 4000,
      "n_mismatched": 12000,
      "mean_matched": 0.5681585669517517,
      "mean_mismatched": 0.040434688329696655,
      "std_matched": 0.49795985221862793,
      "std_mismatched": 0.48257875442504883,
      "cohens_d": 1.0848034620285034,
      "roc_auc": 0.7961151979166665,
      "separation": 0.592230395833333,
      "hist_bins": [
        -1.0,
        -0.9,
        -0.8,
        -0.7,
        -0.6,
        -0.5,
        -0.3999999999999999,
        -0.29999999999999993,
        -0.19999999999999996,
        -0.09999999999999998,
        0.0,
        0.10000000000000009,
        0.20000000000000018,
        0.30000000000000004,
        0.40000000000000013,
        0.5,
        0.6000000000000001,
        0.7000000000000002,
        0.8,
        0.9000000000000001,
        1.0
      ],
      "hist_matched": [
        41,
        26,
        25,
        13,
        11,
        16,
        20,
        26,
        51,
        365,
        570,
        125,
        96,
        92,
        86,
        85,
        87,
        126,
        196,
        1943
      ],
      "hist_mismatched": [
        638,
        262,
        205,
        174,
        160,
        209,
        214,
        317,
        486,
        4355,
        2104,
        305,
        201,
        183,
        131,
        154,
        158,
        189,
        299,
        1256
      ]
    }
  }
}