{
  "dataset": "goemotions",
  "size": "l",
  "n_hyp": 17,
  "n_test": 1999,
  "n_train": 700,
  "acc": 0.5172586293146574,
  "macro_f1": 0.4183037903761309,
  "secs": 59.2,
  "channels": {
    "entail": {
      "n_matched": 5755,
      "n_mismatched": 28228,
      "mean_matched": 0.3758842647075653,
      "mean_mismatched": 0.13754130899906158,
      "std_matched": 0.420581579208374,
      "std_mismatched": 0.28624361753463745,
      "cohens_d": 0.7612975835800171,
      "roc_auc": 0.7061544280056884,
      "separation": 0.4123088560113768,
      "hist_bins": [
        0.0,
        0.05,
        0.1,
        0.15000000000000002,
        0.2,
        0.25,
        0.30000000000000004,
        0.35000000000000003,
        0.4,
        0.45,
        0.5,
        0.55,
        0.6000000000000001,
        0.65,
        0.7000000000000001,
        0.75,
        0.8,
        0.8500000000000001,
        0.9,
        0.9500000000000001,
        1.0
      ],
      "hist_matched": [
        2601,
        290,
        177,
        98,
        97,
        97,
        59,
        58,
        70,
        59,
        64,
        62,
        62,
        66,
        86,
        80,
        78,
        166,
        274,
        1211
      ],
      "hist_mismatched": [
        20869,
        1302,
        660,
        446,
        296,
        285,
        223,
        217,
        187,
        198,
        182,
        161,
        175,
        155,
        174,
        211,
        257,
        361,
        580,
        1289
      ]
    },
    "neutral": {
      "n_matched": 5755,
      "n_mismatched": 28228,
      "mean_matched": 0.3392166495323181,
      "mean_mismatched": 0.28815126419067383,
      "std_matched": 0.3818069100379944,
      "std_mismatched": 0.37737318873405457,
      "cohens_d": 0.13504798710346222,
      "roc_auc": 0.5836927971524413,
      "separation": 0.16738559430488253,
      "hist_bins": [
        0.0,
        0.05,
        0.1,
        0.15000000000000002,
        0.2,
        0.25,
        0.30000000000000004,
        0.35000000000000003,
        0.4,
        0.45,
        0.5,
        0.55,
        0.6000000000000001,
        0.65,
        0.7000000000000001,
        0.75,
        0.8,
        0.8500000000000001,
        0.9,
        0.9500000000000001,
        1.0
      ],
      "hist_matched": [
        2380,
        425,
        246,
        144,
        131,
        118,
        120,
        95,
        117,
        100,
        101,
        85,
        84,
        89,
        111,
        109,
        132,
        175,
        268,
        725
      ],
      "hist_mismatched": [
        14440,
        1714,
        961,
        653,
        541,
        462,
        426,
        396,
        383,
        370,
        330,
        368,
        353,
        377,
        406,
        436,
        532,
        690,
        1136,
        3254
      ]
    },
    "contradict": {
      "n_matched": 5755,
      "n_mismatched": 28228,
      "mean_matched": 0.28489911556243896,
      "mean_mismatched": 0.5743074417114258,
      "std_matched": 0.4098401963710785,
      "std_mismatched": 0.4477405846118927,
      "cohens_d": -0.6554356813430786,
      "roc_auc": 0.28838661343580946,
      "separation": 0.4232267731283811,
      "hist_bins": [
        0.0,
        0.05,
        0.1,
        0.15000000000000002,
        0.2,
        0.25,
        0.30000000000000004,
        0.35000000000000003,
        0.4,
        0.45,
        0.5,
        0.55,
        0.6000000000000001,
        0.65,
        0.7000000000000001,
        0.75,
        0.8,
        0.8500000000000001,
        0.9,
        0.9500000000000001,
        1.0
      ],
      "hist_matched": [
        3482,
        212,
        110,
        71,
        60,
        48,
        49,
        35,
        31,
        48,
        32,
        40,
        48,
        35,
        41,
        39,
        57,
        78,
        161,
        1078
      ],
      "hist_mismatched": [
        8478,
        970,
        553,
        416,
        328,
        269,
        258,
        238,
        241,
        221,
        238,
        245,
        244,
        255,
        323,
        340,
        399,
        616,
        1035,
        12561
      ]
    },
    "contrast": {
      "n_matched": 5755,
      "n_mismatched": 28228,
      "mean_matched": 0.09098513424396515,
      "mean_mismatched": -0.436766117811203,
      "std_matched": 0.7375223636627197,
      "std_mismatched": 0.6499258279800415,
      "cohens_d": 0.7929294109344482,
      "roc_auc": 0.714388191500586,
      "separation": 0.42877638300117193,
      "hist_bins": [
        -1.0,
        -0.9,
        -0.8,
        -0.7,
        -0.6,
        -0.5,
        -0.3999999999999999,
        -0.29999999999999993,
        -0.19999999999999996,
        -0.09999999999999998,
        0.0,
        0.10000000000000009,
        0.20000000000000018,
        0.30000000000000004,
        0.40000000000000013,
        0.5,
        0.6000000000000001,
        0.7000000000000002,
        0.8,
        0.9000000000000001,
        1.0
      ],
      "hist_matched": [
        1213,
        133,
        81,
        64,
        80,
        62,
        70,
        74,
        88,
        432,
        778,
        198,
        162,
        105,
        109,
        118,
        122,
        154,
        252,
        1460
      ],
      "hist_mismatched": [
        13389,
        1003,
        632,
        487,
        439,
        411,
        391,
        466,
        620,
        2146,
        3214,
        634,
        425,
        344,
        311,
        287,
        291,
        393,
        599,
        1746
      ]
    }
  }
}