{
  "dataset": "goemotions",
  "size": "m",
  "n_hyp": 17,
  "n_test": 1999,
  "n_train": 700,
  "acc": 0.5192596298149075,
  "macro_f1": 0.4140652388882495,
  "secs": 24.8,
  "channels": {
    "entail": {
      "n_matched": 5755,
      "n_mismatched": 28228,
      "mean_matched": 0.5096753239631653,
      "mean_mismatched": 0.24718156456947327,
      "std_matched": 0.42298901081085205,
      "std_mismatched": 0.354763388633728,
      "cohens_d": 0.7148328423500061,
      "roc_auc": 0.7035301043125687,
      "separation": 0.40706020862513737,
      "hist_bins": [
        0.0,
        0.05,
        0.1,
        0.15000000000000002,
        0.2,
        0.25,
        0.30000000000000004,
        0.35000000000000003,
        0.4,
        0.45,
        0.5,
        0.55,
        0.6000000000000001,
        0.65,
        0.7000000000000001,
        0.75,
        0.8,
        0.8500000000000001,
        0.9,
        0.9500000000000001,
        1.0
      ],
      "hist_matched": [
        1751,
        262,
        144,
        113,
        96,
        79,
        97,
        80,
        73,
        75,
        74,
        65,
        80,
        97,
        87,
        112,
        153,
        250,
        512,
        1555
      ],
      "hist_mismatched": [
        16002,
        1565,
        925,
        595,
        501,
        432,
        390,
        338,
        342,
        310,
        330,
        331,
        370,
        354,
        420,
        455,
        582,
        727,
        1105,
        2154
      ]
    },
    "neutral": {
      "n_matched": 5755,
      "n_mismatched": 28228,
      "mean_matched": 0.33642134070396423,
      "mean_mismatched": 0.34283071756362915,
      "std_matched": 0.36748507618904114,
      "std_mismatched": 0.37141093611717224,
      "cohens_d": -0.017287643626332283,
      "roc_auc": 0.5232287891067486,
      "separation": 0.046457578213497275,
      "hist_bins": [
        0.0,
        0.05,
        0.1,
        0.15000000000000002,
        0.2,
        0.25,
        0.30000000000000004,
        0.35000000000000003,
        0.4,
        0.45,
        0.5,
        0.55,
        0.6000000000000001,
        0.65,
        0.7000000000000001,
        0.75,
        0.8,
        0.8500000000000001,
        0.9,
        0.9500000000000001,
        1.0
      ],
      "hist_matched": [
        2057,
        599,
        335,
        201,
        172,
        135,
        119,
        111,
        105,
        92,
        98,
        108,
        126,
        109,
        102,
        105,
        113,
        165,
        226,
        677
      ],
      "hist_mismatched": [
        10487,
        2201,
        1432,
        1014,
        815,
        696,
        613,
        611,
        561,
        571,
        499,
        510,
        535,
        527,
        557,
        618,
        673,
        900,
        1287,
        3121
      ]
    },
    "contradict": {
      "n_matched": 5755,
      "n_mismatched": 28228,
      "mean_matched": 0.1539033055305481,
      "mean_mismatched": 0.4099876880645752,
      "std_matched": 0.3147864043712616,
      "std_mismatched": 0.44013306498527527,
      "cohens_d": -0.6075037121772766,
      "roc_auc": 0.2721258242581477,
      "separation": 0.45574835148370463,
      "hist_bins": [
        0.0,
        0.05,
        0.1,
        0.15000000000000002,
        0.2,
        0.25,
        0.30000000000000004,
        0.35000000000000003,
        0.4,
        0.45,
        0.5,
        0.55,
        0.6000000000000001,
        0.65,
        0.7000000000000001,
        0.75,
        0.8,
        0.8500000000000001,
        0.9,
        0.9500000000000001,
        1.0
      ],
      "hist_matched": [
        4305,
        194,
        99,
        78,
        55,
        47,
        48,
        40,
        29,
        25,
        20,
        31,
        29,
        33,
        37,
        47,
        50,
        57,
        100,
        431
      ],
      "hist_mismatched": [
        12490,
        1335,
        701,
        481,
        411,
        311,
        302,
        280,
        247,
        273,
        248,
        235,
        268,
        252,
        286,
        341,
        408,
        533,
        931,
        7895
      ]
    },
    "contrast": {
      "n_matched": 5755,
      "n_mismatched": 28228,
      "mean_matched": 0.35577207803726196,
      "mean_mismatched": -0.16280610859394073,
      "std_matched": 0.648826003074646,
      "std_mismatched": 0.7079564332962036,
      "cohens_d": 0.7426348328590393,
      "roc_auc": 0.7136693797939503,
      "separation": 0.4273387595879006,
      "hist_bins": [
        -1.0,
        -0.9,
        -0.8,
        -0.7,
        -0.6,
        -0.5,
        -0.3999999999999999,
        -0.29999999999999993,
        -0.19999999999999996,
        -0.09999999999999998,
        0.0,
        0.10000000000000009,
        0.20000000000000018,
        0.30000000000000004,
        0.40000000000000013,
        0.5,
        0.6000000000000001,
        0.7000000000000002,
        0.8,
        0.9000000000000001,
        1.0
      ],
      "hist_matched": [
        516,
        101,
        81,
        61,
        49,
        44,
        60,
        61,
        95,
        318,
        798,
        201,
        150,
        147,
        134,
        136,
        162,
        195,
        405,
        2041
      ],
      "hist_mismatched": [
        8656,
        914,
        605,
        481,
        433,
        425,
        438,
        505,
        677,
        2221,
        3585,
        926,
        697,
        599,
        586,
        604,
        659,
        853,
        1264,
        3100
      ]
    }
  }
}