{
  "dataset": "goemotions",
  "size": "xs",
  "n_hyp": 17,
  "n_test": 1999,
  "n_train": 700,
  "acc": 0.4317158579289645,
  "macro_f1": 0.31189053689628077,
  "secs": 10.7,
  "channels": {
    "entail": {
      "n_matched": 5755,
      "n_mismatched": 28228,
      "mean_matched": 0.31510627269744873,
      "mean_mismatched": 0.18052837252616882,
      "std_matched": 0.3759080171585083,
      "std_mismatched": 0.3093467652797699,
      "cohens_d": 0.4184775650501251,
      "roc_auc": 0.6238182734927346,
      "separation": 0.2476365469854691,
      "hist_bins": [
        0.0,
        0.05,
        0.1,
        0.15000000000000002,
        0.2,
        0.25,
        0.30000000000000004,
        0.35000000000000003,
        0.4,
        0.45,
        0.5,
        0.55,
        0.6000000000000001,
        0.65,
        0.7000000000000001,
        0.75,
        0.8,
        0.8500000000000001,
        0.9,
        0.9500000000000001,
        1.0
      ],
      "hist_matched": [
        2629,
        382,
        214,
        155,
        111,
        112,
        95,
        90,
        97,
        85,
        82,
        93,
        94,
        103,
        94,
        114,
        138,
        180,
        327,
        560
      ],
      "hist_mismatched": [
        18066,
        1759,
        962,
        629,
        527,
        406,
        354,
        346,
        299,
        268,
        252,
        255,
        250,
        277,
        264,
        298,
        384,
        460,
        724,
        1448
      ]
    },
    "neutral": {
      "n_matched": 5755,
      "n_mismatched": 28228,
      "mean_matched": 0.6091612577438354,
      "mean_mismatched": 0.6051727533340454,
      "std_matched": 0.39055120944976807,
      "std_mismatched": 0.40294116735458374,
      "cohens_d": 0.00994962453842163,
      "roc_auc": 0.5076011925727787,
      "separation": 0.015202385145557384,
      "hist_bins": [
        0.0,
        0.05,
        0.1,
        0.15000000000000002,
        0.2,
        0.25,
        0.30000000000000004,
        0.35000000000000003,
        0.4,
        0.45,
        0.5,
        0.55,
        0.6000000000000001,
        0.65,
        0.7000000000000001,
        0.75,
        0.8,
        0.8500000000000001,
        0.9,
        0.9500000000000001,
        1.0
      ],
      "hist_matched": [
        796,
        374,
        205,
        161,
        142,
        114,
        113,
        116,
        106,
        104,
        107,
        114,
        94,
        119,
        122,
        149,
        172,
        235,
        376,
        2036
      ],
      "hist_mismatched": [
        5201,
        1362,
        781,
        675,
        522,
        522,
        488,
        428,
        444,
        441,
        419,
        510,
        483,
        527,
        592,
        680,
        834,
        1127,
        1939,
        10253
      ]
    },
    "contradict": {
      "n_matched": 5755,
      "n_mismatched": 28228,
      "mean_matched": 0.07573248445987701,
      "mean_mismatched": 0.2142987996339798,
      "std_matched": 0.23131906986236572,
      "std_mismatched": 0.368603378534317,
      "cohens_d": -0.39684295654296875,
      "roc_auc": 0.3471703973859624,
      "separation": 0.3056592052280752,
      "hist_bins": [
        0.0,
        0.05,
        0.1,
        0.15000000000000002,
        0.2,
        0.25,
        0.30000000000000004,
        0.35000000000000003,
        0.4,
        0.45,
        0.5,
        0.55,
        0.6000000000000001,
        0.65,
        0.7000000000000001,
        0.75,
        0.8,
        0.8500000000000001,
        0.9,
        0.9500000000000001,
        1.0
      ],
      "hist_matched": [
        5030,
        108,
        58,
        44,
        25,
        18,
        24,
        14,
        16,
        19,
        17,
        12,
        14,
        16,
        17,
        19,
        18,
        24,
        41,
        221
      ],
      "hist_mismatched": [
        19360,
        893,
        541,
        344,
        262,
        218,
        216,
        187,
        192,
        147,
        161,
        161,
        166,
        162,
        198,
        215,
        252,
        324,
        582,
        3647
      ]
    },
    "contrast": {
      "n_matched": 5755,
      "n_mismatched": 28228,
      "mean_matched": 0.23937375843524933,
      "mean_mismatched": -0.03377041965723038,
      "std_matched": 0.48692962527275085,
      "std_mismatched": 0.5484215021133423,
      "cohens_d": 0.5072296261787415,
      "roc_auc": 0.6514025546231648,
      "separation": 0.30280510924632953,
      "hist_bins": [
        -1.0,
        -0.9,
        -0.8,
        -0.7,
        -0.6,
        -0.5,
        -0.3999999999999999,
        -0.29999999999999993,
        -0.19999999999999996,
        -0.09999999999999998,
        0.0,
        0.10000000000000009,
        0.20000000000000018,
        0.30000000000000004,
        0.40000000000000013,
        0.5,
        0.6000000000000001,
        0.7000000000000002,
        0.8,
        0.9000000000000001,
        1.0
      ],
      "hist_matched": [
        257,
        38,
        39,
        25,
        25,
        27,
        39,
        33,
        56,
        357,
        2206,
        318,
        211,
        190,
        169,
        170,
        193,
        207,
        318,
        877
      ],
      "hist_mismatched": [
        4178,
        544,
        421,
        303,
        294,
        290,
        328,
        382,
        558,
        3371,
        9901,
        1243,
        767,
        625,
        522,
        485,
        493,
        555,
        836,
        2132
      ]
    }
  }
}