{
  "dataset": "goemotions",
  "size": "s",
  "n_hyp": 17,
  "n_test": 1999,
  "n_train": 700,
  "acc": 0.47573786893446723,
  "macro_f1": 0.35315073351787757,
  "secs": 16.0,
  "channels": {
    "entail": {
      "n_matched": 5755,
      "n_mismatched": 28228,
      "mean_matched": 0.4698449969291687,
      "mean_mismatched": 0.24056485295295715,
      "std_matched": 0.39775940775871277,
      "std_mismatched": 0.33659827709198,
      "cohens_d": 0.6593941450119019,
      "roc_auc": 0.687100006808159,
      "separation": 0.37420001361631794,
      "hist_bins": [
        0.0,
        0.05,
        0.1,
        0.15000000000000002,
        0.2,
        0.25,
        0.30000000000000004,
        0.35000000000000003,
        0.4,
        0.45,
        0.5,
        0.55,
        0.6000000000000001,
        0.65,
        0.7000000000000001,
        0.75,
        0.8,
        0.8500000000000001,
        0.9,
        0.9500000000000001,
        1.0
      ],
      "hist_matched": [
        1601,
        367,
        215,
        162,
        125,
        118,
        93,
        99,
        91,
        105,
        103,
        104,
        117,
        123,
        154,
        157,
        226,
        322,
        551,
        922
      ],
      "hist_mismatched": [
        14951,
        2149,
        1175,
        775,
        613,
        492,
        446,
        439,
        400,
        356,
        370,
        379,
        376,
        422,
        390,
        525,
        616,
        768,
        1103,
        1483
      ]
    },
    "neutral": {
      "n_matched": 5755,
      "n_mismatched": 28228,
      "mean_matched": 0.4326517581939697,
      "mean_mismatched": 0.43767601251602173,
      "std_matched": 0.37341830134391785,
      "std_mismatched": 0.3810816705226898,
      "cohens_d": -0.013228866271674633,
      "roc_auc": 0.5163039034142609,
      "separation": 0.032607806828521824,
      "hist_bins": [
        0.0,
        0.05,
        0.1,
        0.15000000000000002,
        0.2,
        0.25,
        0.30000000000000004,
        0.35000000000000003,
        0.4,
        0.45,
        0.5,
        0.55,
        0.6000000000000001,
        0.65,
        0.7000000000000001,
        0.75,
        0.8,
        0.8500000000000001,
        0.9,
        0.9500000000000001,
        1.0
      ],
      "hist_matched": [
        1199,
        603,
        360,
        246,
        196,
        190,
        177,
        132,
        139,
        125,
        138,
        118,
        133,
        142,
        132,
        132,
        178,
        222,
        319,
        874
      ],
      "hist_mismatched": [
        7414,
        1862,
        1294,
        1036,
        868,
        733,
        709,
        672,
        678,
        676,
        651,
        681,
        693,
        693,
        744,
        814,
        929,
        1241,
        1674,
        4166
      ]
    },
    "contradict": {
      "n_matched": 5755,
      "n_mismatched": 28228,
      "mean_matched": 0.0975031927227974,
      "mean_mismatched": 0.3217591345310211,
      "std_matched": 0.24929580092430115,
      "std_mismatched": 0.4148671329021454,
      "cohens_d": -0.5724018812179565,
      "roc_auc": 0.29394739275210535,
      "separation": 0.4121052144957893,
      "hist_bins": [
        0.0,
        0.05,
        0.1,
        0.15000000000000002,
        0.2,
        0.25,
        0.30000000000000004,
        0.35000000000000003,
        0.4,
        0.45,
        0.5,
        0.55,
        0.6000000000000001,
        0.65,
        0.7000000000000001,
        0.75,
        0.8,
        0.8500000000000001,
        0.9,
        0.9500000000000001,
        1.0
      ],
      "hist_matched": [
        4723,
        177,
        90,
        65,
        49,
        46,
        35,
        27,
        28,
        17,
        24,
        36,
        15,
        26,
        24,
        21,
        23,
        37,
        49,
        243
      ],
      "hist_mismatched": [
        15022,
        1329,
        782,
        482,
        400,
        306,
        310,
        276,
        254,
        257,
        259,
        208,
        240,
        235,
        301,
        273,
        350,
        459,
        741,
        5744
      ]
    },
    "contrast": {
      "n_matched": 5755,
      "n_mismatched": 28228,
      "mean_matched": 0.3723418116569519,
      "mean_mismatched": -0.08119428157806396,
      "std_matched": 0.5488904118537903,
      "std_mismatched": 0.6523825526237488,
      "cohens_d": 0.7130602598190308,
      "roc_auc": 0.7028768626870658,
      "separation": 0.4057537253741317,
      "hist_bins": [
        -1.0,
        -0.9,
        -0.8,
        -0.7,
        -0.6,
        -0.5,
        -0.3999999999999999,
        -0.29999999999999993,
        -0.19999999999999996,
        -0.09999999999999998,
        0.0,
        0.10000000000000009,
        0.20000000000000018,
        0.30000000000000004,
        0.40000000000000013,
        0.5,
        0.6000000000000001,
        0.7000000000000002,
        0.8,
        0.9000000000000001,
        1.0
      ],
      "hist_matched": [
        285,
        55,
        38,
        44,
        51,
        41,
        47,
        63,
        78,
        256,
        1174,
        311,
        218,
        168,
        183,
        203,
        229,
        315,
        557,
        1439
      ],
      "hist_mismatched": [
        6383,
        792,
        512,
        457,
        434,
        423,
        466,
        536,
        731,
        2199,
        5451,
        1266,
        895,
        742,
        714,
        691,
        765,
        893,
        1366,
        2512
      ]
    }
  }
}