{
  "dataset": "goemotions",
  "size": "xxs",
  "n_hyp": 17,
  "n_test": 1999,
  "n_train": 700,
  "acc": 0.42021010505252626,
  "macro_f1": 0.29455384001121937,
  "secs": 9.4,
  "channels": {
    "entail": {
      "n_matched": 5755,
      "n_mismatched": 28228,
      "mean_matched": 0.21495209634304047,
      "mean_mismatched": 0.12812010943889618,
      "std_matched": 0.2943274676799774,
      "std_mismatched": 0.2337578982114792,
      "cohens_d": 0.35431432723999023,
      "roc_auc": 0.6105671399588827,
      "separation": 0.22113427991776535,
      "hist_bins": [
        0.0,
        0.05,
        0.1,
        0.15000000000000002,
        0.2,
        0.25,
        0.30000000000000004,
        0.35000000000000003,
        0.4,
        0.45,
        0.5,
        0.55,
        0.6000000000000001,
        0.65,
        0.7000000000000001,
        0.75,
        0.8,
        0.8500000000000001,
        0.9,
        0.9500000000000001,
        1.0
      ],
      "hist_matched": [
        2763,
        606,
        353,
        236,
        158,
        157,
        124,
        112,
        100,
        94,
        99,
        88,
        87,
        72,
        84,
        110,
        99,
        100,
        157,
        156
      ],
      "hist_mismatched": [
        18357,
        2647,
        1279,
        836,
        540,
        471,
        419,
        357,
        278,
        279,
        280,
        232,
        220,
        258,
        257,
        277,
        275,
        320,
        357,
        289
      ]
    },
    "neutral": {
      "n_matched": 5755,
      "n_mismatched": 28228,
      "mean_matched": 0.6689462661743164,
      "mean_mismatched": 0.648743748664856,
      "std_matched": 0.3334938585758209,
      "std_mismatched": 0.3512440323829651,
      "cohens_d": 0.058002933859825134,
      "roc_auc": 0.5142921355175747,
      "separation": 0.028584271035149378,
      "hist_bins": [
        0.0,
        0.05,
        0.1,
        0.15000000000000002,
        0.2,
        0.25,
        0.30000000000000004,
        0.35000000000000003,
        0.4,
        0.45,
        0.5,
        0.55,
        0.6000000000000001,
        0.65,
        0.7000000000000001,
        0.75,
        0.8,
        0.8500000000000001,
        0.9,
        0.9500000000000001,
        1.0
      ],
      "hist_matched": [
        345,
        226,
        168,
        161,
        153,
        131,
        129,
        133,
        140,
        149,
        144,
        153,
        184,
        167,
        220,
        225,
        289,
        389,
        559,
        1690
      ],
      "hist_mismatched": [
        2522,
        1151,
        897,
        761,
        674,
        660,
        618,
        595,
        608,
        692,
        694,
        713,
        726,
        830,
        902,
        1064,
        1303,
        1753,
        2787,
        8278
      ]
    },
    "contradict": {
      "n_matched": 5755,
      "n_mismatched": 28228,
      "mean_matched": 0.11610164493322372,
      "mean_mismatched": 0.22313612699508667,
      "std_matched": 0.25045299530029297,
      "std_mismatched": 0.3358365297317505,
      "cohens_d": -0.33140844106674194,
      "roc_auc": 0.36138694448715786,
      "separation": 0.2772261110256843,
      "hist_bins": [
        0.0,
        0.05,
        0.1,
        0.15000000000000002,
        0.2,
        0.25,
        0.30000000000000004,
        0.35000000000000003,
        0.4,
        0.45,
        0.5,
        0.55,
        0.6000000000000001,
        0.65,
        0.7000000000000001,
        0.75,
        0.8,
        0.8500000000000001,
        0.9,
        0.9500000000000001,
        1.0
      ],
      "hist_matched": [
        4244,
        331,
        185,
        103,
        83,
        72,
        51,
        46,
        44,
        36,
        37,
        27,
        37,
        41,
        36,
        43,
        46,
        51,
        72,
        170
      ],
      "hist_mismatched": [
        16034,
        2130,
        1095,
        706,
        590,
        429,
        411,
        365,
        334,
        364,
        321,
        308,
        294,
        321,
        318,
        382,
        417,
        532,
        778,
        2099
      ]
    },
    "contrast": {
      "n_matched": 5755,
      "n_mismatched": 28228,
      "mean_matched": 0.09885043650865555,
      "mean_mismatched": -0.09501601755619049,
      "std_matched": 0.43300414085388184,
      "std_mismatched": 0.45987552404403687,
      "cohens_d": 0.42567187547683716,
      "roc_auc": 0.6360299747359438,
      "separation": 0.2720599494718876,
      "hist_bins": [
        -1.0,
        -0.9,
        -0.8,
        -0.7,
        -0.6,
        -0.5,
        -0.3999999999999999,
        -0.29999999999999993,
        -0.19999999999999996,
        -0.09999999999999998,
        0.0,
        0.10000000000000009,
        0.20000000000000018,
        0.30000000000000004,
        0.40000000000000013,
        0.5,
        0.6000000000000001,
        0.7000000000000002,
        0.8,
        0.9000000000000001,
        1.0
      ],
      "hist_matched": [
        228,
        96,
        72,
        69,
        67,
        70,
        68,
        97,
        166,
        622,
        2094,
        436,
        262,
        206,
        189,
        182,
        149,
        178,
        204,
        300
      ],
      "hist_mismatched": [
        2797,
        917,
        686,
        572,
        586,
        637,
        658,
        791,
        1145,
        4874,
        8681,
        1344,
        805,
        661,
        506,
        421,
        469,
        506,
        578,
        594
      ]
    }
  }
}