{
  "dataset": "sst2",
  "size": "xs",
  "n_hyp": 8,
  "n_test": 872,
  "n_train": 200,
  "acc": 0.7568807339449541,
  "macro_f1": 0.756818050271775,
  "secs": 4.7,
  "channels": {
    "entail": {
      "n_matched": 3488,
      "n_mismatched": 3488,
      "mean_matched": 0.304397314786911,
      "mean_mismatched": 0.17288298904895782,
      "std_matched": 0.3612820506095886,
      "std_mismatched": 0.29911866784095764,
      "cohens_d": 0.3965335786342621,
      "roc_auc": 0.6262494509353169,
      "separation": 0.25249890187063384,
      "hist_bins": [
        0.0,
        0.05,
        0.1,
        0.15000000000000002,
        0.2,
        0.25,
        0.30000000000000004,
        0.35000000000000003,
        0.4,
        0.45,
        0.5,
        0.55,
        0.6000000000000001,
        0.65,
        0.7000000000000001,
        0.75,
        0.8,
        0.8500000000000001,
        0.9,
        0.9500000000000001,
        1.0
      ],
      "hist_matched": [
        1553,
        255,
        139,
        101,
        91,
        73,
        64,
        65,
        50,
        65,
        56,
        51,
        60,
        68,
        75,
        74,
        92,
        113,
        207,
        236
      ],
      "hist_mismatched": [
        2315,
        187,
        101,
        81,
        52,
        38,
        35,
        52,
        25,
        38,
        29,
        26,
        44,
        44,
        40,
        53,
        50,
        73,
        105,
        100
      ]
    },
    "neutral": {
      "n_matched": 3488,
      "n_mismatched": 3488,
      "mean_matched": 0.6378816962242126,
      "mean_mismatched": 0.6110632419586182,
      "std_matched": 0.36653417348861694,
      "std_mismatched": 0.3709228038787842,
      "cohens_d": 0.07273096591234207,
      "roc_auc": 0.5248624790237564,
      "separation": 0.04972495804751276,
      "hist_bins": [
        0.0,
        0.05,
        0.1,
        0.15000000000000002,
        0.2,
        0.25,
        0.30000000000000004,
        0.35000000000000003,
        0.4,
        0.45,
        0.5,
        0.55,
        0.6000000000000001,
        0.65,
        0.7000000000000001,
        0.75,
        0.8,
        0.8500000000000001,
        0.9,
        0.9500000000000001,
        1.0
      ],
      "hist_matched": [
        288,
        238,
        129,
        106,
        87,
        91,
        86,
        65,
        57,
        78,
        79,
        66,
        93,
        69,
        105,
        115,
        115,
        173,
        264,
        1184
      ],
      "hist_mismatched": [
        342,
        213,
        153,
        105,
        106,
        94,
        110,
        93,
        63,
        62,
        82,
        67,
        93,
        82,
        102,
        105,
        118,
        150,
        224,
        1124
      ]
    },
    "contradict": {
      "n_matched": 3488,
      "n_mismatched": 3488,
      "mean_matched": 0.05772097036242485,
      "mean_mismatched": 0.21605373919010162,
      "std_matched": 0.182467982172966,
      "std_mismatched": 0.3362981379032135,
      "cohens_d": -0.5852327346801758,
      "roc_auc": 0.2985950190956148,
      "separation": 0.4028099618087704,
      "hist_bins": [
        0.0,
        0.05,
        0.1,
        0.15000000000000002,
        0.2,
        0.25,
        0.30000000000000004,
        0.35000000000000003,
        0.4,
        0.45,
        0.5,
        0.55,
        0.6000000000000001,
        0.65,
        0.7000000000000001,
        0.75,
        0.8,
        0.8500000000000001,
        0.9,
        0.9500000000000001,
        1.0
      ],
      "hist_matched": [
        3054,
        88,
        41,
        38,
        24,
        25,
        17,
        9,
        14,
        14,
        8,
        7,
        13,
        11,
        13,
        14,
        9,
        24,
        32,
        33
      ],
      "hist_mismatched": [
        2160,
        156,
        90,
        65,
        59,
        59,
        53,
        45,
        38,
        30,
        33,
        35,
        44,
        65,
        42,
        56,
        57,
        79,
        110,
        212
      ]
    },
    "contrast": {
      "n_matched": 3488,
      "n_mismatched": 3488,
      "mean_matched": 0.24667632579803467,
      "mean_mismatched": -0.0431707464158535,
      "std_matched": 0.43964898586273193,
      "std_mismatched": 0.5172553658485413,
      "cohens_d": 0.6038190126419067,
      "roc_auc": 0.6899318304961702,
      "separation": 0.3798636609923405,
      "hist_bins": [
        -1.0,
        -0.9,
        -0.8,
        -0.7,
        -0.6,
        -0.5,
        -0.3999999999999999,
        -0.29999999999999993,
        -0.19999999999999996,
        -0.09999999999999998,
        0.0,
        0.10000000000000009,
        0.20000000000000018,
        0.30000000000000004,
        0.40000000000000013,
        0.5,
        0.6000000000000001,
        0.7000000000000002,
        0.8,
        0.9000000000000001,
        1.0
      ],
      "hist_matched": [
        58,
        38,
        23,
        24,
        14,
        25,
        19,
        38,
        57,
        384,
        1182,
        219,
        149,
        125,
        108,
        105,
        131,
        147,
        210,
        432
      ],
      "hist_mismatched": [
        309,
        134,
        98,
        102,
        73,
        57,
        91,
        106,
        121,
        776,
        716,
        131,
        85,
        79,
        56,
        54,
        85,
        95,
        121,
        199
      ]
    }
  }
}