{
  "dataset": "sst2",
  "size": "l",
  "n_hyp": 8,
  "n_test": 872,
  "n_train": 200,
  "acc": 0.9518348623853211,
  "macro_f1": 0.9518348623853211,
  "secs": 22.9,
  "channels": {
    "entail": {
      "n_matched": 3488,
      "n_mismatched": 3488,
      "mean_matched": 0.7914332747459412,
      "mean_mismatched": 0.06227320805191994,
      "std_matched": 0.3284851312637329,
      "std_mismatched": 0.20512743294239044,
      "cohens_d": 2.6626956462860107,
      "roc_auc": 0.9574561997622253,
      "separation": 0.9149123995244506,
      "hist_bins": [
        0.0,
        0.05,
        0.1,
        0.15000000000000002,
        0.2,
        0.25,
        0.30000000000000004,
        0.35000000000000003,
        0.4,
        0.45,
        0.5,
        0.55,
        0.6000000000000001,
        0.65,
        0.7000000000000001,
        0.75,
        0.8,
        0.8500000000000001,
        0.9,
        0.9500000000000001,
        1.0
      ],
      "hist_matched": [
        284,
        72,
        67,
        37,
        30,
        38,
        27,
        22,
        32,
        24,
        37,
        32,
        40,
        40,
        48,
        80,
        80,
        138,
        309,
        2051
      ],
      "hist_mismatched": [
        3091,
        61,
        48,
        25,
        15,
        10,
        13,
        8,
        10,
        11,
        9,
        9,
        7,
        8,
        6,
        13,
        16,
        17,
        29,
        82
      ]
    },
    "neutral": {
      "n_matched": 3488,
      "n_mismatched": 3488,
      "mean_matched": 0.15783491730690002,
      "mean_mismatched": 0.05513657629489899,
      "std_matched": 0.27046021819114685,
      "std_mismatched": 0.1503685563802719,
      "cohens_d": 0.46934008598327637,
      "roc_auc": 0.764229487995539,
      "separation": 0.528458975991078,
      "hist_bins": [
        0.0,
        0.05,
        0.1,
        0.15000000000000002,
        0.2,
        0.25,
        0.30000000000000004,
        0.35000000000000003,
        0.4,
        0.45,
        0.5,
        0.55,
        0.6000000000000001,
        0.65,
        0.7000000000000001,
        0.75,
        0.8,
        0.8500000000000001,
        0.9,
        0.9500000000000001,
        1.0
      ],
      "hist_matched": [
        2199,
        313,
        138,
        85,
        88,
        52,
        47,
        43,
        28,
        44,
        28,
        33,
        26,
        34,
        40,
        38,
        44,
        56,
        54,
        98
      ],
      "hist_mismatched": [
        2901,
        174,
        85,
        53,
        36,
        30,
        26,
        26,
        15,
        16,
        17,
        13,
        12,
        21,
        13,
        5,
        14,
        13,
        11,
        7
      ]
    },
    "contradict": {
      "n_matched": 3488,
      "n_mismatched": 3488,
      "mean_matched": 0.05073178932070732,
      "mean_mismatched": 0.8825901746749878,
      "std_matched": 0.18627861142158508,
      "std_mismatched": 0.27346107363700867,
      "cohens_d": -3.5554587841033936,
      "roc_auc": 0.02830781881259995,
      "separation": 0.9433843623748001,
      "hist_bins": [
        0.0,
        0.05,
        0.1,
        0.15000000000000002,
        0.2,
        0.25,
        0.30000000000000004,
        0.35000000000000003,
        0.4,
        0.45,
        0.5,
        0.55,
        0.6000000000000001,
        0.65,
        0.7000000000000001,
        0.75,
        0.8,
        0.8500000000000001,
        0.9,
        0.9500000000000001,
        1.0
      ],
      "hist_matched": [
        3162,
        65,
        36,
        18,
        11,
        14,
        14,
        5,
        5,
        9,
        6,
        4,
        4,
        3,
        6,
        9,
        8,
        11,
        20,
        78
      ],
      "hist_mismatched": [
        194,
        34,
        18,
        20,
        16,
        24,
        20,
        15,
        18,
        14,
        15,
        13,
        15,
        19,
        19,
        34,
        40,
        67,
        143,
        2750
      ]
    },
    "contrast": {
      "n_matched": 3488,
      "n_mismatched": 3488,
      "mean_matched": 0.7407014966011047,
      "mean_mismatched": -0.8203170299530029,
      "std_matched": 0.4604950547218323,
      "std_mismatched": 0.4594624638557434,
      "cohens_d": 3.3936731815338135,
      "roc_auc": 0.9633989208084337,
      "separation": 0.9267978416168674,
      "hist_bins": [
        -1.0,
        -0.9,
        -0.8,
        -0.7,
        -0.6,
        -0.5,
        -0.3999999999999999,
        -0.29999999999999993,
        -0.19999999999999996,
        -0.09999999999999998,
        0.0,
        0.10000000000000009,
        0.20000000000000018,
        0.30000000000000004,
        0.40000000000000013,
        0.5,
        0.6000000000000001,
        0.7000000000000002,
        0.8,
        0.9000000000000001,
        1.0
      ],
      "hist_matched": [
        94,
        14,
        14,
        12,
        5,
        11,
        7,
        21,
        21,
        60,
        167,
        64,
        60,
        53,
        56,
        59,
        81,
        131,
        209,
        2349
      ],
      "hist_mismatched": [
        2872,
        103,
        48,
        36,
        29,
        26,
        22,
        32,
        23,
        31,
        30,
        15,
        21,
        11,
        11,
        13,
        11,
        20,
        34,
        100
      ]
    }
  }
}