{
  "dataset": "sst2",
  "size": "m",
  "n_hyp": 8,
  "n_test": 872,
  "n_train": 200,
  "acc": 0.9472477064220184,
  "macro_f1": 0.9472007666103293,
  "secs": 10.3,
  "channels": {
    "entail": {
      "n_matched": 3488,
      "n_mismatched": 3488,
      "mean_matched": 0.7292875051498413,
      "mean_mismatched": 0.09530648589134216,
      "std_matched": 0.35663822293281555,
      "std_mismatched": 0.24359580874443054,
      "cohens_d": 2.075951337814331,
      "roc_auc": 0.918192567834147,
      "separation": 0.8363851356682941,
      "hist_bins": [
        0.0,
        0.05,
        0.1,
        0.15000000000000002,
        0.2,
        0.25,
        0.30000000000000004,
        0.35000000000000003,
        0.4,
        0.45,
        0.5,
        0.55,
        0.6000000000000001,
        0.65,
        0.7000000000000001,
        0.75,
        0.8,
        0.8500000000000001,
        0.9,
        0.9500000000000001,
        1.0
      ],
      "hist_matched": [
        404,
        102,
        61,
        53,
        35,
        33,
        41,
        30,
        36,
        35,
        30,
        44,
        47,
        39,
        60,
        88,
        123,
        184,
        502,
        1541
      ],
      "hist_mismatched": [
        2865,
        94,
        69,
        36,
        35,
        20,
        18,
        14,
        15,
        18,
        15,
        14,
        11,
        18,
        22,
        18,
        22,
        39,
        50,
        95
      ]
    },
    "neutral": {
      "n_matched": 3488,
      "n_mismatched": 3488,
      "mean_matched": 0.2231949269771576,
      "mean_mismatched": 0.1409384310245514,
      "std_matched": 0.3122493326663971,
      "std_mismatched": 0.24035367369651794,
      "cohens_d": 0.29521748423576355,
      "roc_auc": 0.6632499993424374,
      "separation": 0.3264999986848749,
      "hist_bins": [
        0.0,
        0.05,
        0.1,
        0.15000000000000002,
        0.2,
        0.25,
        0.30000000000000004,
        0.35000000000000003,
        0.4,
        0.45,
        0.5,
        0.55,
        0.6000000000000001,
        0.65,
        0.7000000000000001,
        0.75,
        0.8,
        0.8500000000000001,
        0.9,
        0.9500000000000001,
        1.0
      ],
      "hist_matched": [
        1645,
        500,
        199,
        136,
        92,
        66,
        54,
        52,
        47,
        44,
        46,
        40,
        40,
        44,
        30,
        43,
        59,
        58,
        81,
        212
      ],
      "hist_mismatched": [
        2220,
        259,
        149,
        99,
        97,
        67,
        59,
        58,
        58,
        52,
        37,
        33,
        47,
        42,
        29,
        33,
        32,
        37,
        35,
        45
      ]
    },
    "contradict": {
      "n_matched": 3488,
      "n_mismatched": 3488,
      "mean_matched": 0.04751749336719513,
      "mean_mismatched": 0.7637550830841064,
      "std_matched": 0.17679302394390106,
      "std_mismatched": 0.35684943199157715,
      "cohens_d": -2.5434558391571045,
      "roc_auc": 0.045587204951708614,
      "separation": 0.9088255900965828,
      "hist_bins": [
        0.0,
        0.05,
        0.1,
        0.15000000000000002,
        0.2,
        0.25,
        0.30000000000000004,
        0.35000000000000003,
        0.4,
        0.45,
        0.5,
        0.55,
        0.6000000000000001,
        0.65,
        0.7000000000000001,
        0.75,
        0.8,
        0.8500000000000001,
        0.9,
        0.9500000000000001,
        1.0
      ],
      "hist_matched": [
        3185,
        60,
        26,
        19,
        13,
        10,
        12,
        7,
        5,
        6,
        7,
        7,
        7,
        9,
        6,
        9,
        6,
        13,
        20,
        61
      ],
      "hist_mismatched": [
        389,
        83,
        53,
        35,
        34,
        41,
        32,
        33,
        28,
        33,
        37,
        39,
        36,
        33,
        51,
        61,
        60,
        110,
        234,
        2066
      ]
    },
    "contrast": {
      "n_matched": 3488,
      "n_mismatched": 3488,
      "mean_matched": 0.6817700862884521,
      "mean_mismatched": -0.6684485673904419,
      "std_matched": 0.4683946669101715,
      "std_mismatched": 0.5617748498916626,
      "cohens_d": 2.6106491088867188,
      "roc_auc": 0.9380422424722245,
      "separation": 0.8760844849444489,
      "hist_bins": [
        -1.0,
        -0.9,
        -0.8,
        -0.7,
        -0.6,
        -0.5,
        -0.3999999999999999,
        -0.29999999999999993,
        -0.19999999999999996,
        -0.09999999999999998,
        0.0,
        0.10000000000000009,
        0.20000000000000018,
        0.30000000000000004,
        0.40000000000000013,
        0.5,
        0.6000000000000001,
        0.7000000000000002,
        0.8,
        0.9000000000000001,
        1.0
      ],
      "hist_matched": [
        79,
        15,
        19,
        11,
        11,
        11,
        13,
        10,
        31,
        124,
        245,
        83,
        60,
        64,
        62,
        79,
        87,
        156,
        299,
        2029
      ],
      "hist_mismatched": [
        2281,
        169,
        103,
        65,
        66,
        66,
        48,
        60,
        59,
        108,
        70,
        36,
        21,
        24,
        29,
        17,
        29,
        39,
        59,
        139
      ]
    }
  }
}