{
  "dataset": "sst2",
  "size": "xxs",
  "n_hyp": 8,
  "n_test": 872,
  "n_train": 200,
  "acc": 0.6869266055045872,
  "macro_f1": 0.6868075701063683,
  "secs": 4.0,
  "channels": {
    "entail": {
      "n_matched": 3488,
      "n_mismatched": 3488,
      "mean_matched": 0.45998600125312805,
      "mean_mismatched": 0.3063488304615021,
      "std_matched": 0.38785192370414734,
      "std_mismatched": 0.3506056070327759,
      "cohens_d": 0.41557466983795166,
      "roc_auc": 0.6236810940261763,
      "separation": 0.24736218805235266,
      "hist_bins": [
        0.0,
        0.05,
        0.1,
        0.15000000000000002,
        0.2,
        0.25,
        0.30000000000000004,
        0.35000000000000003,
        0.4,
        0.45,
        0.5,
        0.55,
        0.6000000000000001,
        0.65,
        0.7000000000000001,
        0.75,
        0.8,
        0.8500000000000001,
        0.9,
        0.9500000000000001,
        1.0
      ],
      "hist_matched": [
        909,
        241,
        163,
        100,
        89,
        72,
        73,
        64,
        75,
        62,
        75,
        57,
        70,
        84,
        94,
        118,
        143,
        215,
        327,
        457
      ],
      "hist_mismatched": [
        1414,
        294,
        179,
        118,
        94,
        75,
        79,
        68,
        71,
        61,
        68,
        62,
        68,
        65,
        77,
        98,
        93,
        128,
        198,
        178
      ]
    },
    "neutral": {
      "n_matched": 3488,
      "n_mismatched": 3488,
      "mean_matched": 0.4261375963687897,
      "mean_mismatched": 0.41794222593307495,
      "std_matched": 0.35450878739356995,
      "std_mismatched": 0.34404513239860535,
      "cohens_d": 0.02346118353307247,
      "roc_auc": 0.5047203123684876,
      "separation": 0.009440624736975156,
      "hist_bins": [
        0.0,
        0.05,
        0.1,
        0.15000000000000002,
        0.2,
        0.25,
        0.30000000000000004,
        0.35000000000000003,
        0.4,
        0.45,
        0.5,
        0.55,
        0.6000000000000001,
        0.65,
        0.7000000000000001,
        0.75,
        0.8,
        0.8500000000000001,
        0.9,
        0.9500000000000001,
        1.0
      ],
      "hist_matched": [
        572,
        390,
        266,
        184,
        146,
        125,
        108,
        102,
        100,
        93,
        97,
        90,
        91,
        69,
        88,
        105,
        128,
        170,
        167,
        397
      ],
      "hist_mismatched": [
        560,
        351,
        235,
        183,
        173,
        138,
        150,
        126,
        130,
        137,
        95,
        97,
        79,
        83,
        92,
        88,
        108,
        117,
        141,
        405
      ]
    },
    "contradict": {
      "n_matched": 3488,
      "n_mismatched": 3488,
      "mean_matched": 0.11387645453214645,
      "mean_mismatched": 0.275708943605423,
      "std_matched": 0.22253839671611786,
      "std_mismatched": 0.34858188033103943,
      "cohens_d": -0.5534025430679321,
      "roc_auc": 0.3340415007417305,
      "separation": 0.331916998516539,
      "hist_bins": [
        0.0,
        0.05,
        0.1,
        0.15000000000000002,
        0.2,
        0.25,
        0.30000000000000004,
        0.35000000000000003,
        0.4,
        0.45,
        0.5,
        0.55,
        0.6000000000000001,
        0.65,
        0.7000000000000001,
        0.75,
        0.8,
        0.8500000000000001,
        0.9,
        0.9500000000000001,
        1.0
      ],
      "hist_matched": [
        2297,
        371,
        190,
        97,
        73,
        54,
        38,
        30,
        29,
        35,
        27,
        19,
        21,
        25,
        19,
        16,
        21,
        22,
        31,
        73
      ],
      "hist_mismatched": [
        1504,
        387,
        197,
        123,
        81,
        94,
        63,
        59,
        64,
        49,
        57,
        50,
        50,
        48,
        53,
        50,
        53,
        78,
        102,
        326
      ]
    },
    "contrast": {
      "n_matched": 3488,
      "n_mismatched": 3488,
      "mean_matched": 0.3461095094680786,
      "mean_mismatched": 0.03063986636698246,
      "std_matched": 0.5236682891845703,
      "std_mismatched": 0.6086872816085815,
      "cohens_d": 0.5556279420852661,
      "roc_auc": 0.6541347447473908,
      "separation": 0.3082694894947815,
      "hist_bins": [
        -1.0,
        -0.9,
        -0.8,
        -0.7,
        -0.6,
        -0.5,
        -0.3999999999999999,
        -0.29999999999999993,
        -0.19999999999999996,
        -0.09999999999999998,
        0.0,
        0.10000000000000009,
        0.20000000000000018,
        0.30000000000000004,
        0.40000000000000013,
        0.5,
        0.6000000000000001,
        0.7000000000000002,
        0.8,
        0.9000000000000001,
        1.0
      ],
      "hist_matched": [
        98,
        39,
        28,
        30,
        42,
        44,
        43,
        64,
        116,
        442,
        490,
        144,
        111,
        116,
        132,
        103,
        145,
        199,
        357,
        745
      ],
      "hist_mismatched": [
        402,
        123,
        92,
        76,
        91,
        91,
        84,
        104,
        134,
        574,
        334,
        126,
        107,
        107,
        105,
        109,
        136,
        136,
        215,
        342
      ]
    }
  }
}