{
  "dataset": "sst2",
  "size": "s",
  "n_hyp": 8,
  "n_test": 872,
  "n_train": 200,
  "acc": 0.805045871559633,
  "macro_f1": 0.8046749413655889,
  "secs": 6.3,
  "channels": {
    "entail": {
      "n_matched": 3488,
      "n_mismatched": 3488,
      "mean_matched": 0.37171781063079834,
      "mean_mismatched": 0.12030831724405289,
      "std_matched": 0.3729115128517151,
      "std_mismatched": 0.24313139915466309,
      "cohens_d": 0.7986772656440735,
      "roc_auc": 0.7405693619934138,
      "separation": 0.48113872398682767,
      "hist_bins": [
        0.0,
        0.05,
        0.1,
        0.15000000000000002,
        0.2,
        0.25,
        0.30000000000000004,
        0.35000000000000003,
        0.4,
        0.45,
        0.5,
        0.55,
        0.6000000000000001,
        0.65,
        0.7000000000000001,
        0.75,
        0.8,
        0.8500000000000001,
        0.9,
        0.9500000000000001,
        1.0
      ],
      "hist_matched": [
        1240,
        258,
        143,
        114,
        74,
        85,
        70,
        62,
        71,
        54,
        73,
        69,
        66,
        100,
        83,
        86,
        138,
        170,
        310,
        222
      ],
      "hist_mismatched": [
        2506,
        235,
        108,
        78,
        50,
        38,
        40,
        29,
        29,
        29,
        26,
        25,
        23,
        20,
        28,
        27,
        43,
        45,
        66,
        43
      ]
    },
    "neutral": {
      "n_matched": 3488,
      "n_mismatched": 3488,
      "mean_matched": 0.5551318526268005,
      "mean_mismatched": 0.4907087981700897,
      "std_matched": 0.3645058274269104,
      "std_mismatched": 0.37189069390296936,
      "cohens_d": 0.17495959997177124,
      "roc_auc": 0.5659890676947437,
      "separation": 0.13197813538948733,
      "hist_bins": [
        0.0,
        0.05,
        0.1,
        0.15000000000000002,
        0.2,
        0.25,
        0.30000000000000004,
        0.35000000000000003,
        0.4,
        0.45,
        0.5,
        0.55,
        0.6000000000000001,
        0.65,
        0.7000000000000001,
        0.75,
        0.8,
        0.8500000000000001,
        0.9,
        0.9500000000000001,
        1.0
      ],
      "hist_matched": [
        307,
        331,
        194,
        147,
        105,
        105,
        107,
        79,
        92,
        89,
        71,
        103,
        88,
        80,
        96,
        111,
        142,
        204,
        330,
        707
      ],
      "hist_mismatched": [
        655,
        254,
        162,
        136,
        108,
        114,
        89,
        71,
        75,
        77,
        83,
        84,
        86,
        112,
        115,
        124,
        152,
        203,
        313,
        475
      ]
    },
    "contradict": {
      "n_matched": 3488,
      "n_mismatched": 3488,
      "mean_matched": 0.0731503963470459,
      "mean_mismatched": 0.3889828622341156,
      "std_matched": 0.20221838355064392,
      "std_mismatched": 0.4026852250099182,
      "cohens_d": -0.9912261962890625,
      "roc_auc": 0.19113204643969364,
      "separation": 0.6177359071206128,
      "hist_bins": [
        0.0,
        0.05,
        0.1,
        0.15000000000000002,
        0.2,
        0.25,
        0.30000000000000004,
        0.35000000000000003,
        0.4,
        0.45,
        0.5,
        0.55,
        0.6000000000000001,
        0.65,
        0.7000000000000001,
        0.75,
        0.8,
        0.8500000000000001,
        0.9,
        0.9500000000000001,
        1.0
      ],
      "hist_matched": [
        2940,
        126,
        71,
        36,
        22,
        23,
        11,
        26,
        16,
        14,
        16,
        10,
        8,
        9,
        19,
        16,
        13,
        20,
        25,
        67
      ],
      "hist_mismatched": [
        1358,
        228,
        118,
        84,
        75,
        75,
        58,
        43,
        53,
        47,
        42,
        45,
        43,
        75,
        78,
        84,
        86,
        126,
        184,
        586
      ]
    },
    "contrast": {
      "n_matched": 3488,
      "n_mismatched": 3488,
      "mean_matched": 0.29856744408607483,
      "mean_mismatched": -0.2686745822429657,
      "std_matched": 0.4764935076236725,
      "std_mismatched": 0.5515739917755127,
      "cohens_d": 1.1005802154541016,
      "roc_auc": 0.7860453977858556,
      "separation": 0.5720907955717112,
      "hist_bins": [
        -1.0,
        -0.9,
        -0.8,
        -0.7,
        -0.6,
        -0.5,
        -0.3999999999999999,
        -0.29999999999999993,
        -0.19999999999999996,
        -0.09999999999999998,
        0.0,
        0.10000000000000009,
        0.20000000000000018,
        0.30000000000000004,
        0.40000000000000013,
        0.5,
        0.6000000000000001,
        0.7000000000000002,
        0.8,
        0.9000000000000001,
        1.0
      ],
      "hist_matched": [
        86,
        36,
        33,
        16,
        23,
        25,
        40,
        26,
        73,
        392,
        822,
        227,
        140,
        127,
        126,
        135,
        164,
        164,
        314,
        519
      ],
      "hist_mismatched": [
        747,
        211,
        166,
        119,
        85,
        98,
        83,
        141,
        154,
        565,
        462,
        133,
        75,
        58,
        59,
        45,
        41,
        58,
        86,
        102
      ]
    }
  }
}