{
  "dataset": "trec",
  "size": "l",
  "n_hyp": 25,
  "n_test": 500,
  "n_train": 586,
  "acc": 0.912,
  "macro_f1": 0.8720236850539217,
  "secs": 33.1,
  "channels": {
    "entail": {
      "n_matched": 2198,
      "n_mismatched": 10302,
      "mean_matched": 0.5397375226020813,
      "mean_mismatched": 0.1375659704208374,
      "std_matched": 0.4592786431312561,
      "std_mismatched": 0.30734971165657043,
      "cohens_d": 1.1862257719039917,
      "roc_auc": 0.7542211562054347,
      "separation": 0.5084423124108695,
      "hist_bins": [
        0.0,
        0.05,
        0.1,
        0.15000000000000002,
        0.2,
        0.25,
        0.30000000000000004,
        0.35000000000000003,
        0.4,
        0.45,
        0.5,
        0.55,
        0.6000000000000001,
        0.65,
        0.7000000000000001,
        0.75,
        0.8,
        0.8500000000000001,
        0.9,
        0.9500000000000001,
        1.0
      ],
      "hist_matched": [
        801,
        61,
        27,
        18,
        14,
        12,
        18,
        9,
        17,
        10,
        15,
        9,
        15,
        17,
        20,
        20,
        32,
        57,
        125,
        901
      ],
      "hist_mismatched": [
        8159,
        221,
        86,
        94,
        66,
        70,
        58,
        52,
        46,
        60,
        60,
        44,
        58,
        48,
        49,
        68,
        70,
        80,
        136,
        777
      ]
    },
    "neutral": {
      "n_matched": 2198,
      "n_mismatched": 10302,
      "mean_matched": 0.06268675625324249,
      "mean_mismatched": 0.026488712057471275,
      "std_matched": 0.14870737493038177,
      "std_mismatched": 0.07024881988763809,
      "cohens_d": 0.4058329164981842,
      "roc_auc": 0.623665528518275,
      "separation": 0.2473310570365499,
      "hist_bins": [
        0.0,
        0.05,
        0.1,
        0.15000000000000002,
        0.2,
        0.25,
        0.30000000000000004,
        0.35000000000000003,
        0.4,
        0.45,
        0.5,
        0.55,
        0.6000000000000001,
        0.65,
        0.7000000000000001,
        0.75,
        0.8,
        0.8500000000000001,
        0.9,
        0.9500000000000001,
        1.0
      ],
      "hist_matched": [
        1730,
        184,
        66,
        35,
        22,
        20,
        8,
        10,
        17,
        10,
        19,
        10,
        17,
        16,
        14,
        4,
        8,
        6,
        2,
        0
      ],
      "hist_mismatched": [
        8927,
        663,
        310,
        134,
        62,
        54,
        33,
        28,
        29,
        12,
        11,
        10,
        10,
        5,
        3,
        1,
        6,
        0,
        4,
        0
      ]
    },
    "contradict": {
      "n_matched": 2198,
      "n_mismatched": 10302,
      "mean_matched": 0.397575706243515,
      "mean_mismatched": 0.8359453678131104,
      "std_matched": 0.46208468079566956,
      "std_mismatched": 0.3280622959136963,
      "cohens_d": -1.2337634563446045,
      "roc_auc": 0.24849203728915417,
      "separation": 0.5030159254216917,
      "hist_bins": [
        0.0,
        0.05,
        0.1,
        0.15000000000000002,
        0.2,
        0.25,
        0.30000000000000004,
        0.35000000000000003,
        0.4,
        0.45,
        0.5,
        0.55,
        0.6000000000000001,
        0.65,
        0.7000000000000001,
        0.75,
        0.8,
        0.8500000000000001,
        0.9,
        0.9500000000000001,
        1.0
      ],
      "hist_matched": [
        1140,
        67,
        36,
        16,
        21,
        13,
        16,
        9,
        11,
        9,
        7,
        10,
        5,
        13,
        9,
        10,
        10,
        21,
        47,
        728
      ],
      "hist_mismatched": [
        964,
        128,
        83,
        78,
        61,
        64,
        64,
        60,
        56,
        51,
        59,
        60,
        63,
        66,
        59,
        91,
        106,
        170,
        295,
        7724
      ]
    },
    "contrast": {
      "n_matched": 2198,
      "n_mismatched": 10302,
      "mean_matched": 0.14216183125972748,
      "mean_mismatched": -0.6983793377876282,
      "std_matched": 0.9092878103256226,
      "std_mismatched": 0.631856381893158,
      "cohens_d": 1.2203242778778076,
      "roc_auc": 0.7476730491654314,
      "separation": 0.49534609833086285,
      "hist_bins": [
        -1.0,
        -0.9,
        -0.8,
        -0.7,
        -0.6,
        -0.5,
        -0.3999999999999999,
        -0.29999999999999993,
        -0.19999999999999996,
        -0.09999999999999998,
        0.0,
        0.10000000000000009,
        0.20000000000000018,
        0.30000000000000004,
        0.40000000000000013,
        0.5,
        0.6000000000000001,
        0.7000000000000002,
        0.8,
        0.9000000000000001,
        1.0
      ],
      "hist_matched": [
        755,
        44,
        8,
        16,
        13,
        14,
        12,
        19,
        16,
        19,
        27,
        20,
        12,
        24,
        17,
        26,
        24,
        48,
        96,
        988
      ],
      "hist_mismatched": [
        7916,
        249,
        144,
        99,
        67,
        79,
        69,
        74,
        47,
        59,
        70,
        59,
        48,
        64,
        62,
        63,
        71,
        87,
        130,
        845
      ]
    }
  }
}