{
  "dataset": "trec",
  "size": "s",
  "n_hyp": 25,
  "n_test": 500,
  "n_train": 586,
  "acc": 0.67,
  "macro_f1": 0.6311335045441134,
  "secs": 10.1,
  "channels": {
    "entail": {
      "n_matched": 2198,
      "n_mismatched": 10302,
      "mean_matched": 0.49540460109710693,
      "mean_mismatched": 0.2919614613056183,
      "std_matched": 0.3767358362674713,
      "std_mismatched": 0.35589054226875305,
      "cohens_d": 0.5656799077987671,
      "roc_auc": 0.6609474621657959,
      "separation": 0.32189492433159184,
      "hist_bins": [
        0.0,
        0.05,
        0.1,
        0.15000000000000002,
        0.2,
        0.25,
        0.30000000000000004,
        0.35000000000000003,
        0.4,
        0.45,
        0.5,
        0.55,
        0.6000000000000001,
        0.65,
        0.7000000000000001,
        0.75,
        0.8,
        0.8500000000000001,
        0.9,
        0.9500000000000001,
        1.0
      ],
      "hist_matched": [
        405,
        148,
        105,
        91,
        69,
        70,
        62,
        54,
        53,
        43,
        52,
        55,
        46,
        56,
        49,
        66,
        82,
        132,
        266,
        294
      ],
      "hist_mismatched": [
        4692,
        792,
        448,
        304,
        244,
        213,
        172,
        173,
        188,
        181,
        149,
        158,
        176,
        166,
        192,
        249,
        258,
        356,
        550,
        641
      ]
    },
    "neutral": {
      "n_matched": 2198,
      "n_mismatched": 10302,
      "mean_matched": 0.25884920358657837,
      "mean_mismatched": 0.266427606344223,
      "std_matched": 0.26178842782974243,
      "std_mismatched": 0.2766185700893402,
      "cohens_d": -0.02765144221484661,
      "roc_auc": 0.5035507297451364,
      "separation": 0.0071014594902727435,
      "hist_bins": [
        0.0,
        0.05,
        0.1,
        0.15000000000000002,
        0.2,
        0.25,
        0.30000000000000004,
        0.35000000000000003,
        0.4,
        0.45,
        0.5,
        0.55,
        0.6000000000000001,
        0.65,
        0.7000000000000001,
        0.75,
        0.8,
        0.8500000000000001,
        0.9,
        0.9500000000000001,
        1.0
      ],
      "hist_matched": [
        575,
        339,
        205,
        150,
        103,
        84,
        93,
        57,
        83,
        71,
        60,
        48,
        47,
        48,
        56,
        57,
        51,
        51,
        19,
        1
      ],
      "hist_mismatched": [
        2856,
        1330,
        898,
        729,
        585,
        493,
        353,
        327,
        323,
        282,
        273,
        213,
        200,
        208,
        212,
        207,
        213,
        231,
        228,
        141
      ]
    },
    "contradict": {
      "n_matched": 2198,
      "n_mismatched": 10302,
      "mean_matched": 0.24574622511863708,
      "mean_mismatched": 0.4416109621524811,
      "std_matched": 0.3544635474681854,
      "std_mismatched": 0.4051551818847656,
      "cohens_d": -0.49372121691703796,
      "roc_auc": 0.3371032401104479,
      "separation": 0.3257935197791042,
      "hist_bins": [
        0.0,
        0.05,
        0.1,
        0.15000000000000002,
        0.2,
        0.25,
        0.30000000000000004,
        0.35000000000000003,
        0.4,
        0.45,
        0.5,
        0.55,
        0.6000000000000001,
        0.65,
        0.7000000000000001,
        0.75,
        0.8,
        0.8500000000000001,
        0.9,
        0.9500000000000001,
        1.0
      ],
      "hist_matched": [
        1239,
        132,
        74,
        62,
        32,
        47,
        27,
        21,
        38,
        28,
        22,
        29,
        24,
        15,
        29,
        21,
        38,
        28,
        64,
        228
      ],
      "hist_mismatched": [
        3308,
        679,
        395,
        265,
        211,
        187,
        179,
        150,
        163,
        176,
        145,
        163,
        191,
        212,
        233,
        260,
        330,
        421,
        710,
        1924
      ]
    },
    "contrast": {
      "n_matched": 2198,
      "n_mismatched": 10302,
      "mean_matched": 0.24965833127498627,
      "mean_mismatched": -0.1496494859457016,
      "std_matched": 0.6830925941467285,
      "std_mismatched": 0.7107037305831909,
      "cohens_d": 0.5656504034996033,
      "roc_auc": 0.6564105903444811,
      "separation": 0.31282118068896225,
      "hist_bins": [
        -1.0,
        -0.9,
        -0.8,
        -0.7,
        -0.6,
        -0.5,
        -0.3999999999999999,
        -0.29999999999999993,
        -0.19999999999999996,
        -0.09999999999999998,
        0.0,
        0.10000000000000009,
        0.20000000000000018,
        0.30000000000000004,
        0.40000000000000013,
        0.5,
        0.6000000000000001,
        0.7000000000000002,
        0.8,
        0.9000000000000001,
        1.0
      ],
      "hist_matched": [
        275,
        59,
        44,
        42,
        28,
        32,
        42,
        42,
        42,
        51,
        131,
        108,
        108,
        87,
        76,
        88,
        99,
        96,
        211,
        537
      ],
      "hist_mismatched": [
        2510,
        719,
        467,
        351,
        297,
        258,
        243,
        238,
        281,
        424,
        646,
        378,
        289,
        267,
        270,
        277,
        309,
        417,
        581,
        1080
      ]
    }
  }
}