{
  "dataset": "trec",
  "size": "m",
  "n_hyp": 25,
  "n_test": 500,
  "n_train": 586,
  "acc": 0.83,
  "macro_f1": 0.7749108584224191,
  "secs": 15.6,
  "channels": {
    "entail": {
      "n_matched": 2198,
      "n_mismatched": 10302,
      "mean_matched": 0.5554401278495789,
      "mean_mismatched": 0.16702228784561157,
      "std_matched": 0.44399842619895935,
      "std_mismatched": 0.32771068811416626,
      "cohens_d": 1.1067237854003906,
      "roc_auc": 0.755717570499222,
      "separation": 0.5114351409984439,
      "hist_bins": [
        0.0,
        0.05,
        0.1,
        0.15000000000000002,
        0.2,
        0.25,
        0.30000000000000004,
        0.35000000000000003,
        0.4,
        0.45,
        0.5,
        0.55,
        0.6000000000000001,
        0.65,
        0.7000000000000001,
        0.75,
        0.8,
        0.8500000000000001,
        0.9,
        0.9500000000000001,
        1.0
      ],
      "hist_matched": [
        706,
        67,
        33,
        22,
        19,
        26,
        20,
        19,
        16,
        14,
        22,
        21,
        23,
        25,
        26,
        32,
        45,
        60,
        135,
        867
      ],
      "hist_mismatched": [
        7628,
        292,
        150,
        123,
        91,
        76,
        69,
        61,
        64,
        67,
        53,
        59,
        67,
        70,
        65,
        89,
        87,
        130,
        237,
        824
      ]
    },
    "neutral": {
      "n_matched": 2198,
      "n_mismatched": 10302,
      "mean_matched": 0.08437889069318771,
      "mean_mismatched": 0.0815119668841362,
      "std_matched": 0.15732434391975403,
      "std_mismatched": 0.18860886991024017,
      "cohens_d": 0.015624013729393482,
      "roc_auc": 0.5722174409273074,
      "separation": 0.14443488185461484,
      "hist_bins": [
        0.0,
        0.05,
        0.1,
        0.15000000000000002,
        0.2,
        0.25,
        0.30000000000000004,
        0.35000000000000003,
        0.4,
        0.45,
        0.5,
        0.55,
        0.6000000000000001,
        0.65,
        0.7000000000000001,
        0.75,
        0.8,
        0.8500000000000001,
        0.9,
        0.9500000000000001,
        1.0
      ],
      "hist_matched": [
        1511,
        220,
        124,
        80,
        40,
        27,
        44,
        23,
        24,
        21,
        16,
        14,
        4,
        6,
        16,
        5,
        5,
        8,
        9,
        1
      ],
      "hist_mismatched": [
        7553,
        1017,
        511,
        232,
        152,
        104,
        86,
        52,
        50,
        33,
        35,
        36,
        23,
        25,
        33,
        28,
        36,
        43,
        89,
        164
      ]
    },
    "contradict": {
      "n_matched": 2198,
      "n_mismatched": 10302,
      "mean_matched": 0.36018094420433044,
      "mean_mismatched": 0.7514657974243164,
      "std_matched": 0.4402710497379303,
      "std_mismatched": 0.3781498074531555,
      "cohens_d": -1.0038317441940308,
      "roc_auc": 0.24752135198532965,
      "separation": 0.5049572960293407,
      "hist_bins": [
        0.0,
        0.05,
        0.1,
        0.15000000000000002,
        0.2,
        0.25,
        0.30000000000000004,
        0.35000000000000003,
        0.4,
        0.45,
        0.5,
        0.55,
        0.6000000000000001,
        0.65,
        0.7000000000000001,
        0.75,
        0.8,
        0.8500000000000001,
        0.9,
        0.9500000000000001,
        1.0
      ],
      "hist_matched": [
        1192,
        63,
        30,
        24,
        17,
        15,
        21,
        14,
        17,
        12,
        18,
        15,
        10,
        14,
        22,
        18,
        28,
        48,
        65,
        555
      ],
      "hist_mismatched": [
        1450,
        251,
        141,
        116,
        102,
        97,
        75,
        69,
        65,
        67,
        75,
        72,
        71,
        93,
        123,
        123,
        171,
        269,
        595,
        6277
      ]
    },
    "contrast": {
      "n_matched": 2198,
      "n_mismatched": 10302,
      "mean_matched": 0.195259228348732,
      "mean_mismatched": -0.5844434499740601,
      "std_matched": 0.8701698184013367,
      "std_mismatched": 0.6820629239082336,
      "cohens_d": 1.0848551988601685,
      "roc_auc": 0.749507304340668,
      "separation": 0.49901460868133607,
      "hist_bins": [
        -1.0,
        -0.9,
        -0.8,
        -0.7,
        -0.6,
        -0.5,
        -0.3999999999999999,
        -0.29999999999999993,
        -0.19999999999999996,
        -0.09999999999999998,
        0.0,
        0.10000000000000009,
        0.20000000000000018,
        0.30000000000000004,
        0.40000000000000013,
        0.5,
        0.6000000000000001,
        0.7000000000000002,
        0.8,
        0.9000000000000001,
        1.0
      ],
      "hist_matched": [
        610,
        60,
        34,
        28,
        25,
        18,
        21,
        14,
        20,
        28,
        26,
        28,
        26,
        17,
        27,
        33,
        46,
        57,
        112,
        968
      ],
      "hist_mismatched": [
        6731,
        442,
        210,
        154,
        114,
        96,
        84,
        93,
        120,
        230,
        217,
        103,
        71,
        75,
        83,
        85,
        101,
        119,
        223,
        951
      ]
    }
  }
}