{
  "dataset": "trec",
  "size": "xs",
  "n_hyp": 25,
  "n_test": 500,
  "n_train": 586,
  "acc": 0.624,
  "macro_f1": 0.6039040333676493,
  "secs": 10.0,
  "channels": {
    "entail": {
      "n_matched": 2198,
      "n_mismatched": 10302,
      "mean_matched": 0.3766977787017822,
      "mean_mismatched": 0.2503169775009155,
      "std_matched": 0.3700602054595947,
      "std_mismatched": 0.30993831157684326,
      "cohens_d": 0.3933098614215851,
      "roc_auc": 0.6001519135749147,
      "separation": 0.20030382714982942,
      "hist_bins": [
        0.0,
        0.05,
        0.1,
        0.15000000000000002,
        0.2,
        0.25,
        0.30000000000000004,
        0.35000000000000003,
        0.4,
        0.45,
        0.5,
        0.55,
        0.6000000000000001,
        0.65,
        0.7000000000000001,
        0.75,
        0.8,
        0.8500000000000001,
        0.9,
        0.9500000000000001,
        1.0
      ],
      "hist_matched": [
        651,
        197,
        128,
        84,
        85,
        66,
        57,
        61,
        56,
        50,
        38,
        39,
        41,
        39,
        33,
        44,
        63,
        76,
        130,
        260
      ],
      "hist_mismatched": [
        4261,
        1176,
        628,
        499,
        371,
        277,
        233,
        229,
        207,
        190,
        192,
        166,
        163,
        152,
        193,
        203,
        219,
        276,
        349,
        318
      ]
    },
    "neutral": {
      "n_matched": 2198,
      "n_mismatched": 10302,
      "mean_matched": 0.4129626750946045,
      "mean_mismatched": 0.5002878308296204,
      "std_matched": 0.3258907198905945,
      "std_mismatched": 0.3296299874782562,
      "cohens_d": -0.265445739030838,
      "roc_auc": 0.4206149887589519,
      "separation": 0.15877002248209615,
      "hist_bins": [
        0.0,
        0.05,
        0.1,
        0.15000000000000002,
        0.2,
        0.25,
        0.30000000000000004,
        0.35000000000000003,
        0.4,
        0.45,
        0.5,
        0.55,
        0.6000000000000001,
        0.65,
        0.7000000000000001,
        0.75,
        0.8,
        0.8500000000000001,
        0.9,
        0.9500000000000001,
        1.0
      ],
      "hist_matched": [
        365,
        206,
        133,
        114,
        99,
        82,
        80,
        92,
        74,
        74,
        82,
        74,
        71,
        80,
        69,
        86,
        99,
        100,
        120,
        98
      ],
      "hist_mismatched": [
        978,
        729,
        616,
        460,
        457,
        360,
        420,
        345,
        372,
        393,
        364,
        345,
        370,
        404,
        416,
        431,
        581,
        608,
        850,
        803
      ]
    },
    "contradict": {
      "n_matched": 2198,
      "n_mismatched": 10302,
      "mean_matched": 0.2103395313024521,
      "mean_mismatched": 0.2493951916694641,
      "std_matched": 0.31259074807167053,
      "std_mismatched": 0.32383912801742554,
      "cohens_d": -0.12133242189884186,
      "roc_auc": 0.41815457973565917,
      "separation": 0.16369084052868166,
      "hist_bins": [
        0.0,
        0.05,
        0.1,
        0.15000000000000002,
        0.2,
        0.25,
        0.30000000000000004,
        0.35000000000000003,
        0.4,
        0.45,
        0.5,
        0.55,
        0.6000000000000001,
        0.65,
        0.7000000000000001,
        0.75,
        0.8,
        0.8500000000000001,
        0.9,
        0.9500000000000001,
        1.0
      ],
      "hist_matched": [
        1256,
        155,
        78,
        57,
        51,
        41,
        35,
        31,
        30,
        35,
        24,
        35,
        24,
        35,
        40,
        49,
        39,
        40,
        68,
        75
      ],
      "hist_mismatched": [
        4715,
        1011,
        559,
        389,
        307,
        277,
        219,
        200,
        192,
        179,
        173,
        136,
        155,
        161,
        148,
        167,
        197,
        240,
        320,
        557
      ]
    },
    "contrast": {
      "n_matched": 2198,
      "n_mismatched": 10302,
      "mean_matched": 0.16635824739933014,
      "mean_mismatched": 0.0009217911283485591,
      "std_matched": 0.6025863885879517,
      "std_mismatched": 0.5414897203445435,
      "cohens_d": 0.29931193590164185,
      "roc_auc": 0.5921187860904594,
      "separation": 0.18423757218091885,
      "hist_bins": [
        -1.0,
        -0.9,
        -0.8,
        -0.7,
        -0.6,
        -0.5,
        -0.3999999999999999,
        -0.29999999999999993,
        -0.19999999999999996,
        -0.09999999999999998,
        0.0,
        0.10000000000000009,
        0.20000000000000018,
        0.30000000000000004,
        0.40000000000000013,
        0.5,
        0.6000000000000001,
        0.7000000000000002,
        0.8,
        0.9000000000000001,
        1.0
      ],
      "hist_matched": [
        131,
        81,
        73,
        60,
        45,
        59,
        45,
        57,
        70,
        152,
        247,
        152,
        116,
        91,
        101,
        56,
        74,
        76,
        150,
        362
      ],
      "hist_mismatched": [
        823,
        415,
        298,
        263,
        263,
        262,
        340,
        400,
        536,
        1169,
        1697,
        642,
        474,
        348,
        333,
        309,
        297,
        352,
        463,
        618
      ]
    }
  }
}