{
  "dataset": "trec",
  "size": "xxs",
  "n_hyp": 25,
  "n_test": 500,
  "n_train": 586,
  "acc": 0.524,
  "macro_f1": 0.4949724764334737,
  "secs": 62.2,
  "channels": {
    "entail": {
      "n_matched": 2198,
      "n_mismatched": 10302,
      "mean_matched": 0.15528807044029236,
      "mean_mismatched": 0.14090506732463837,
      "std_matched": 0.22988268733024597,
      "std_mismatched": 0.22450041770935059,
      "cohens_d": 0.06379511952400208,
      "roc_auc": 0.5292511909222288,
      "separation": 0.05850238184445766,
      "hist_bins": [
        0.0,
        0.05,
        0.1,
        0.15000000000000002,
        0.2,
        0.25,
        0.30000000000000004,
        0.35000000000000003,
        0.4,
        0.45,
        0.5,
        0.55,
        0.6000000000000001,
        0.65,
        0.7000000000000001,
        0.75,
        0.8,
        0.8500000000000001,
        0.9,
        0.9500000000000001,
        1.0
      ],
      "hist_matched": [
        1148,
        268,
        150,
        106,
        74,
        49,
        57,
        39,
        46,
        34,
        18,
        25,
        36,
        22,
        27,
        17,
        22,
        22,
        28,
        10
      ],
      "hist_mismatched": [
        6002,
        1164,
        617,
        358,
        278,
        201,
        184,
        132,
        147,
        152,
        108,
        120,
        132,
        132,
        127,
        120,
        138,
        116,
        68,
        6
      ]
    },
    "neutral": {
      "n_matched": 2198,
      "n_mismatched": 10302,
      "mean_matched": 0.41445720195770264,
      "mean_mismatched": 0.40811049938201904,
      "std_matched": 0.2904689908027649,
      "std_mismatched": 0.29209214448928833,
      "cohens_d": 0.021749630570411682,
      "roc_auc": 0.5080712394688593,
      "separation": 0.016142478937718696,
      "hist_bins": [
        0.0,
        0.05,
        0.1,
        0.15000000000000002,
        0.2,
        0.25,
        0.30000000000000004,
        0.35000000000000003,
        0.4,
        0.45,
        0.5,
        0.55,
        0.6000000000000001,
        0.65,
        0.7000000000000001,
        0.75,
        0.8,
        0.8500000000000001,
        0.9,
        0.9500000000000001,
        1.0
      ],
      "hist_matched": [
        134,
        224,
        175,
        149,
        166,
        127,
        103,
        108,
        91,
        93,
        96,
        93,
        91,
        81,
        89,
        82,
        74,
        47,
        55,
        120
      ],
      "hist_mismatched": [
        818,
        950,
        865,
        742,
        688,
        549,
        520,
        508,
        455,
        410,
        431,
        432,
        384,
        399,
        354,
        337,
        352,
        365,
        354,
        389
      ]
    },
    "contradict": {
      "n_matched": 2198,
      "n_mismatched": 10302,
      "mean_matched": 0.430254727602005,
      "mean_mismatched": 0.4509844183921814,
      "std_matched": 0.3270721733570099,
      "std_mismatched": 0.3307002782821655,
      "cohens_d": -0.06280484050512314,
      "roc_auc": 0.47972603621760235,
      "separation": 0.040547927564795305,
      "hist_bins": [
        0.0,
        0.05,
        0.1,
        0.15000000000000002,
        0.2,
        0.25,
        0.30000000000000004,
        0.35000000000000003,
        0.4,
        0.45,
        0.5,
        0.55,
        0.6000000000000001,
        0.65,
        0.7000000000000001,
        0.75,
        0.8,
        0.8500000000000001,
        0.9,
        0.9500000000000001,
        1.0
      ],
      "hist_matched": [
        307,
        200,
        155,
        119,
        111,
        78,
        92,
        71,
        69,
        57,
        76,
        75,
        75,
        96,
        84,
        85,
        96,
        106,
        150,
        96
      ],
      "hist_mismatched": [
        1285,
        903,
        644,
        556,
        436,
        446,
        460,
        370,
        373,
        346,
        291,
        348,
        326,
        387,
        388,
        394,
        435,
        530,
        703,
        681
      ]
    },
    "contrast": {
      "n_matched": 2198,
      "n_mismatched": 10302,
      "mean_matched": -0.27496665716171265,
      "mean_mismatched": -0.3100793659687042,
      "std_matched": 0.48504874110221863,
      "std_mismatched": 0.48395082354545593,
      "cohens_d": 0.07252532988786697,
      "roc_auc": 0.5258380706132487,
      "separation": 0.05167614122649744,
      "hist_bins": [
        -1.0,
        -0.9,
        -0.8,
        -0.7,
        -0.6,
        -0.5,
        -0.3999999999999999,
        -0.29999999999999993,
        -0.19999999999999996,
        -0.09999999999999998,
        0.0,
        0.10000000000000009,
        0.20000000000000018,
        0.30000000000000004,
        0.40000000000000013,
        0.5,
        0.6000000000000001,
        0.7000000000000002,
        0.8,
        0.9000000000000001,
        1.0
      ],
      "hist_matched": [
        221,
        177,
        148,
        156,
        130,
        119,
        131,
        118,
        146,
        281,
        161,
        79,
        62,
        52,
        42,
        47,
        30,
        34,
        34,
        30
      ],
      "hist_mismatched": [
        1261,
        909,
        699,
        661,
        567,
        569,
        604,
        709,
        777,
        1285,
        571,
        281,
        204,
        180,
        203,
        192,
        207,
        200,
        178,
        45
      ]
    }
  }
}